residue,mel_plddt,sim_plddt,tei_plddt,yak_plddt
1,58.41,58.66,57.59,55.72
2,65.31,66.5,63.91,64.19
3,75.31,76.69,73.38,73.75
4,80.38,82.44,79.5,80.62
5,79,81.5,77.94,80.06
6,79.88,82.12,78.25,79.88
7,81.25,82.88,81.19,80.69
8,84.56,86.06,84.44,83.56
9,86.44,87.62,86.75,85.62
10,88.06,88.75,88.31,88.06
11,89.06,89.94,88.81,88.25
12,89.56,90.38,90.19,88.62
13,89.38,90.25,90.44,89.06
14,90.69,91.38,91.44,90.06
15,90.19,90.94,91.19,89
16,90.56,91.38,92.12,89.12
17,91.06,91.81,92.31,90.38
18,89.12,89.81,90.75,87.38
19,88.31,89.38,91.06,86.81
20,84.31,85.88,89.06,83.56
21,79.62,81.31,87.5,78.88
22,81.5,83.25,86.81,78.69
23,85.56,87.19,87.19,79.62
24,86.81,88.19,87.88,84.19
25,88.12,88.38,89.5,85.94
26,86.06,85.31,87.62,83.38
27,85.12,84.88,85.56,82.62
28,73.25,74.94,75.06,70.19
29,63.78,63.97,60.28,58.44
30,60.91,63.19,62.09,66.81
31,58.38,54.22,61.22,66.75
32,62.78,64.5,65.69,71.88
33,65.62,69.62,65.12,71.56
34,71.56,76.94,71,75.75
35,74.81,80.94,76.62,78.69
36,80.81,82.75,80.12,81.44
37,81.75,83.12,80.75,81.06
38,84.81,86.25,83.5,83.69
39,86.94,87.69,86.94,85.94
40,86.31,86.44,87.69,84.25
41,88.88,89.5,88.62,86.44
42,89.12,89.62,89.56,87.62
43,90.62,91.12,91.19,89.12
44,90.69,90.94,90.5,87.56
45,90.44,90.81,90.94,87.81
46,90.62,91.12,91,88.44
47,88.69,89.19,89.25,84.19
48,91.19,91.38,91.69,88.31
49,88,86.62,88.44,82.44
50,88.19,87.31,88.06,82.81
51,86.19,83,86.69,76.12
52,82.12,78.12,85.88,72.44
53,79.12,72.88,85.94,65
54,75.62,67.56,83.62,60.22
55,70.12,62.56,79.88,55.69
56,64.81,59.5,73.25,50.22
57,63.72,60.31,68.25,51.03
58,72.5,67.06,76.44,59.09
59,77.38,73.06,80.38,65.94
60,81.44,77.88,83.56,74.19
61,87.19,85.56,88.12,82.88
62,87.12,84,88.44,83.25
63,89.44,89.25,90.25,86.06
64,88.75,90.31,89.62,86.38
65,88.44,89.38,89.56,84.25
66,85.31,85.75,85.62,78.19
67,81.25,83.38,81.75,70.31
68,85,87.19,82.75,74.56
69,80.75,85.75,72.88,64.75
70,84.06,86.75,76.19,72.69
71,79.56,82.62,73.62,71.31
72,82.75,83.5,75.75,75.06
73,79.5,78.88,72,71.44
74,82.94,83.88,79.38,76.75
75,87.25,88.12,86.44,81.69
76,91.25,92.88,91.12,88.75
77,91.38,93.31,92.06,90.19
78,93.75,95.06,94.5,93.12
79,91.94,93.38,93,91.62
80,94.06,95.12,94.75,93.69
81,95.5,96.56,96.25,95.19
82,95,95.69,95.56,94.81
83,95.62,96.06,95.88,95.56
84,95.88,96.38,96.19,95.62
85,95.56,96,95.62,95.38
86,94.69,95.5,94.88,94.44
87,94.56,95.31,94.88,94.44
88,93.31,94.12,93.56,93
89,90.88,91.69,90.88,90.5
90,90.38,91.31,90.56,90.06
91,89.06,90.5,89.38,88.88
92,86.38,87.5,85.94,85.94
93,82.56,83.38,78.94,80.19
94,73.56,73.38,71,72.5
95,55.38,54.69,53.62,56
96,55.34,55.03,53.34,54.69
97,51.91,52.75,52.16,52.69
98,50.81,50.38,46.19,51.03
99,48.84,46.66,42.97,46
100,44.19,43.53,42.69,42.88
101,43.31,41.97,44.34,42.69
102,47.47,45.56,43.12,43.66
103,42.38,42.25,42.31,40
104,38.94,39.09,37.59,36.56
105,41.41,40.91,40.72,40.91
106,40.34,38.88,38,35.69
107,41.91,40.03,38.47,37.94
108,33.25,35.53,33,31.19
109,41.88,40.06,40.84,40.47
110,40.91,41.75,42.16,38.78
111,39.56,42.72,40.75,46.47
112,47.69,51.25,51.91,49.62
113,56.03,56.34,63.88,64.62
114,63.16,61.66,70,72.69
115,63.12,61.88,69.5,68.44
116,62.25,61.22,70.44,70.56
117,64.75,62.91,72.75,71.75
118,69.25,67.19,76.69,77.25
119,70.56,67.19,77.25,77.81
120,67.56,64.44,72.62,72.94
121,62.56,58.72,66.56,66.94
122,62.84,59.22,64.56,63.53
123,56.16,54.09,51.66,51.47
124,64.94,66.19,62.12,60
125,66.38,66.5,60.75,61.28
126,73.81,72.94,67,67.75
127,77.19,76.12,69.69,71.94
128,83.81,82.31,78.5,81.38
129,82.56,81.56,80.75,82.31
130,86.38,84.56,84.25,85.94
131,83.56,81.19,81.88,83.06
132,84.5,82,83.44,84.12
133,80.44,78.56,78.31,79.25
134,66.44,65.81,65.94,68.75
135,70.88,71.38,70.62,71.62
136,74.62,75.88,75.19,76.31
137,79.38,82.62,80.31,80.75
138,84.19,85.75,85.69,86.19
139,84.31,85.56,85.88,86.75
140,85.69,87.12,87.38,88.25
141,87.12,88.19,89,89.38
142,85.81,86.81,87.19,88.06
143,87.88,88.31,89.81,90.56
144,88.5,88.5,89.94,90.38
145,87.88,88.25,89,89.81
146,88.5,88.94,90.75,91
147,88,88.56,90.38,90.81
148,89.88,90.44,91.75,92
149,86.25,87.25,89.94,90.19
150,84.12,85.69,88.56,88.31
151,87.19,88.56,90.69,90.69
152,85.81,87.5,91.06,91.31
153,87.44,89.94,91.06,91.44
154,88.06,90.62,90.25,91.06
155,88.75,90.81,89.75,91.12
156,89.62,91.06,91.5,92.88
157,89.25,91.44,92.75,93.88
158,91.88,93.19,93.31,94.5
159,92.12,93.19,92.94,93.75
160,91.12,92.94,92.56,93.62
161,89.12,91.19,91.25,93.75
162,88.56,89.75,89.62,92.06
163,92.56,93.88,94.12,94.56
164,93.31,94.25,94.5,93.75
165,94.56,94.56,95.19,95.12
166,96.38,96.44,96.94,97.12
167,96.38,96.56,97.25,97.25
168,96.62,96.75,97.44,97.69
169,95.12,95.5,96.62,96.81
170,94.62,94.81,95.31,95.5
171,92.62,92.88,93.94,94.12
172,91.19,91.19,92.31,92.5
173,92,92.12,93.06,93.38
174,89.25,89.56,90.62,90.69
175,90.31,90.81,92.12,92.25
176,92.75,92.81,93.81,93.81
177,93.69,94.06,94.81,94.69
178,94.88,95,95.69,95.12
179,95.75,95.56,95.81,95.81
180,95,95.06,95.31,95.44
181,95.25,95.5,95.81,96.06
182,95.81,96,96.12,96.56
183,94.75,94.62,94.75,94.94
184,93.38,93.75,93.56,94.06
185,94.44,94.62,94.62,95.19
186,93.81,93.88,93.69,94.25
187,91.94,91.88,91.88,92.31
188,92.44,92.38,91.94,92.81
189,91.81,91.94,91.56,92.25
190,90.12,90.19,88.94,89.88
191,89.31,89,88.94,89.81
192,89.94,90,89.5,90.62
193,88.06,87.69,87.5,88.5
194,91,90.75,90.31,91.44
195,91,90.5,90.25,91.12
196,93.69,93.62,93.06,93.94
197,94.38,94,93.62,94.25
198,96.44,96.12,96.06,96.56
199,96.25,96,95.94,96.31
200,97.94,97.88,97.94,97.94
201,97.94,97.88,98.06,98.06
202,97.06,97.12,97.19,97.12
203,95.06,95.06,95,95.12
204,94.06,94.44,94.12,94
205,93.75,94,94,94
206,94.31,94.5,94.69,94.56
207,95.56,95.62,95.94,95.75
208,96.12,96.12,96.25,96.12
209,95.44,95.5,95.62,95.44
210,95.31,95.31,95.5,95.38
211,96.25,96.06,96.19,96.19
212,97,97,96.94,96.94
213,95.25,95.12,95.31,95.38
214,94.12,93.44,93.81,93.81
215,95.25,94.69,95.19,95.25
216,94.69,94.38,94.81,94.94
217,92.75,92.56,93.19,93.38
218,92.75,92.69,93.06,93.25
219,91,91.25,91.56,91.81
220,89.56,89.94,90.5,90.81
221,92.56,92.75,93.19,93.44
222,93.38,93.38,93.81,94
223,93.69,93.88,93.62,93.75
224,90.81,91.06,90.88,91
225,91.88,91.94,91.81,92.19
226,93.38,93.06,93.06,93.5
227,96,95.81,95.81,96.06
228,95.12,95,94.75,94.81
229,95.06,94.94,94.56,94.56
230,92.19,91.69,91.25,91.19
231,89.19,88.94,89,89.06
232,80.25,80.56,80,79.62
233,76.75,75.88,76.44,75.88
234,83.94,83.5,83.62,83.69
235,88.69,88.75,88.12,88.31
236,92.25,92.19,91.5,91.69
237,90.94,90.75,89.94,90.25
238,90.06,89.81,88.94,89.44
239,87.06,87.19,85.81,86.5
240,88.75,88.56,88.19,88.5
241,92.88,92.25,91.94,92.44
242,94.44,93.44,93.62,94.19
243,96.12,95.75,95.62,95.94
244,96.19,95.81,95.62,95.75
245,97.31,97.19,97.12,97.06
246,96.12,95.94,96,96
247,95.62,95.38,95.62,95.69
248,96.06,95.69,96.06,96.25
249,93.31,92.5,93.44,93.69
250,90.75,89.88,91.19,91.06
251,93,92.12,93.19,93.5
252,93.31,92.06,93.62,93.88
253,88.56,86,89.75,89.88
254,86.62,83.38,87.75,87.88
255,89.06,86.12,89.5,89.44
256,83.56,77.38,85.19,85.94
257,74.75,72.31,77.31,78.56
258,72.69,71.19,73.62,72.56
259,78.75,75.69,78.06,79.19
260,86.31,83.5,84.62,86.88
261,83.81,81.06,83.69,84.62
262,88.06,85.88,86.56,87.38
263,91.75,90.88,90.94,91.56
264,93.81,93.62,93.38,94.19
265,96.19,96.25,96.06,96.75
266,97,96.88,97,97.31
267,98.19,98.19,98.25,98.31
268,98.25,98.25,98.31,98.38
269,97.69,97.69,97.75,97.69
270,96.62,96.62,96.69,96.69
271,97.06,97,97.06,97.19
272,95.5,95.5,95.44,95.62
273,95.44,95.31,95.12,95.31
274,95.31,95.19,95,95.25
275,95.44,95.38,95.19,95.38
276,95.81,95.75,95.38,95.56
277,96.88,96.62,96.62,96.81
278,97.5,97.44,97.44,97.5
279,97.5,97.44,97.25,97.44
280,97.69,97.31,97.38,97.5
281,97.56,97.06,97.44,97.56
282,97.69,97.38,97.62,97.75
283,96.06,95.56,95.81,96.06
284,95.62,94.69,95.44,95.62
285,96.25,95.56,96.25,96.5
286,95.44,94.94,95.5,95.62
287,93.19,92.38,93.19,93.31
288,93.88,92.81,93.75,93.81
289,93.88,93,94.12,94.06
290,91,89.56,91.12,91.25
291,91.56,90.56,90.81,91.31
292,91.56,90.31,90.75,91.19
293,88.12,87.31,87.5,87.25
294,89.56,88.94,89.19,89.25
295,94,93.56,93.81,94.25
296,95.62,95.56,95.81,96.25
297,97.06,97,97.44,97.69
298,97.62,97.75,98.06,98.19
299,98.06,98.12,98.31,98.38
300,97.5,97.56,97.94,97.94
301,95.94,95.94,96.38,96.44
302,93.88,93.88,94.31,94.44
303,91.56,91.81,92.06,92.12
304,86.25,86.44,86.75,87
305,89.12,88.19,89.19,89.5
306,92.38,92.25,92.06,92.38
307,93.56,92.81,93.25,93.81
308,94.5,93.88,94.5,94.75
309,96.31,95.75,96.31,96.56
310,95.81,94.75,96.38,96.62
311,96.38,95.69,96.5,96.69
312,96.56,96.25,96.62,96.75
313,96.31,96,96.5,96.62
314,94.75,94.38,95.31,95.44
315,93.88,93.88,94.81,94.75
316,93.38,92.81,94.69,94.94
317,95.25,95.12,95.75,95.5
318,93.31,92.44,94.12,94.12
319,92,91.69,93.38,93.62
320,90.75,89.94,91.94,92.44
321,86.44,86.88,89.81,90.44
322,78.5,79.12,82.94,83.19
323,69.25,69.88,73.62,73.31
324,57.06,57.09,59.72,60.06
325,58.84,59.31,61.5,61.78
326,58.59,58.97,60.69,61.62
327,66.56,67.5,69.81,70.19
328,74.19,75.94,76.31,75.81
329,84.5,85.25,87.19,87
330,89.19,90.94,91.31,91.38
331,93.12,93.75,93.31,93.5
332,93.88,94.44,93.94,94.19
333,93.12,92.75,93,92.94
334,88.69,86.44,88.25,88.06
335,85.38,84.44,85.25,84.75
336,86.75,86.62,86.75,86.56
337,87,85.44,85.75,85.19
338,82.06,80.19,81.56,78
339,81.75,81.62,81.38,79.94
340,82.12,82.44,81.56,80.94
341,82.62,81.62,80.31,79.31
342,77.62,77.56,76.69,74.94
343,75.88,76.5,74.69,72.69
344,77.44,76.12,72.81,72.75
345,71.19,67.44,64,62.88
346,72.75,64.19,60.84,60.84
347,71.69,52.25,50.12,47.28
348,69.06,50.69,48.22,45.84
349,56.84,45.38,42.19,43.62
350,57.81,45.47,36.5,35.5
351,59.31,52.81,35.34,35.97
352,50.91,48.53,38.09,34.09
353,51.16,52.25,37.28,39.03
354,46.5,49.97,35.72,31.47
355,44.38,48.59,34.69,34.94
356,43.5,46.31,34.31,40.62
357,37.81,47.25,38.16,38.34
358,37.78,48.38,41.78,40.59
359,34.53,48.31,36.44,40.88
360,37.5,51.5,40.78,46.09
361,44.91,57.06,47.31,46.41
362,49.28,56.12,51.75,53.41
363,55.06,61.84,55.81,55.88
364,64.88,71.81,65.06,65.94
365,71.25,77.94,68.12,69.75
366,69.31,82.88,69.25,70.38
367,76.62,85.06,77.56,76.81
368,83.25,87.19,82.06,82.94
369,84.62,88.5,81.44,84.62
370,86.75,90.38,86.5,87.31
371,89.44,92.12,89.38,89.88
372,90.69,92.5,89.31,89.94
373,91.75,93.19,90.19,91.62
374,93.19,94.56,93.38,93.38
375,93.88,95,93.69,93.5
376,93.06,94.88,91.81,92.12
377,95.62,96.5,95.25,95.12
378,93.5,95.12,93.81,92.94
379,92.75,94.69,93.12,92
380,91.31,94.12,91.38,90.44
381,88.62,91.38,88.44,88.44
382,91.12,94.31,90.56,90.5
383,88,93.31,86.56,86.31
384,89.12,93.81,86.06,87.62
385,90.75,94.38,89.31,89.62
386,92.56,94.5,90.62,91.88
387,89,92.75,84.44,88.06
388,88.62,91.81,84.19,87.12
389,90.25,93.12,87.75,90.06
390,83.88,91.5,82.31,83.44
391,79.88,88.88,73.19,79.31
392,78.75,89.19,77.38,79.06
393,70.75,86,73.38,71.75
394,63.03,81.56,65.56,64.12
395,56.41,78.81,58.66,58.25
396,62.88,82.44,60.28,64.94
397,54.91,82.06,60.53,57.16
398,68.75,84.75,72.38,69.56
399,66.38,84.75,71.81,67.75
400,75.25,85.94,77.25,75.75
401,74.25,86,80.5,75.81
402,83.88,88.25,85.5,85.44
403,83.94,87.31,86.25,86.06
404,87.12,89.56,89.06,88.12
405,83.06,85.56,85.5,84.31
406,84.56,86.81,86.06,84.56
407,87.19,88.94,88.19,87.12
408,85.75,87.44,87.75,86.81
409,91.19,91.88,92.19,91.81
410,90.75,92.81,91.94,91.44
411,91.62,94.56,92.25,91.44
412,90.69,93.81,91.69,90.75
413,93.69,94.69,94,93.56
414,94.69,95.19,94.75,94.5
415,94.12,95.81,94.31,93.75
416,93.5,94.88,93.88,93.25
417,93.31,94.12,93.25,93.06
418,93.69,94.19,93.62,93.31
419,92.81,94,92.81,92.5
420,93.06,94.75,93.12,92.06
421,88.75,92.44,89.06,87.12
422,86.5,93.25,87.12,83.38
423,92.25,95,92.44,90.81
424,87.5,92.12,88.5,86.25
425,81.44,89.44,84,78.56
426,79.44,89.75,81.5,77.12
427,83.38,90.88,85.44,82.31
428,72.12,85.94,78.62,72.25
429,61.34,79.25,66.69,59.5
430,63,79.56,67.75,61.06
431,58.81,73.81,65.56,59.09
432,72.56,84.5,77.94,73.12
433,65.56,80.19,73.44,65.5
434,79.12,86.56,84.56,79.06
435,76.38,83.75,82.06,76.88
436,74.75,81.12,80.5,73.88
437,79.75,83.44,83.81,80.12
438,83.56,86,86.06,83.88
439,84.75,84.69,87.12,85.31
440,86.06,87.06,87.31,86
441,82.88,84.19,85.06,83.12
442,87.12,89.69,88.5,86.88
443,86.25,89.88,88.88,86.38
444,87.31,90.62,89.19,87.19
445,84.81,88.5,87.56,84.44
446,87.31,90.06,89.19,86.56
447,90.5,92,91.44,89.88
448,91.19,93.06,91.94,90.88
449,88.19,90.31,89.38,87.62
450,91.25,92.12,91.44,90.62
451,91.06,92.25,91.38,90.56
452,88.5,90.19,89.12,87.56
453,92.31,93.88,92.31,91.5
454,86.81,88.88,87.56,84
455,87.75,91.06,88.62,85.12
456,89,92.44,89.81,87.44
457,85.62,89.62,86.88,84.5
458,78.69,85.38,81.62,75.88
459,80.94,86.56,83.56,78.12
460,82.38,88,84.94,80.25
461,69.38,79.12,73.62,67.62
462,62.16,71.56,65.5,58.38
463,56.91,70.94,63.31,56.88
464,46.16,66.56,54.34,47.16
465,41.38,47.41,40.62,41.47
466,42.62,48.69,43.44,42
467,41.59,45.25,47.47,44.5
468,35.78,44.44,46.81,37.31
469,42.41,40.22,44.69,42.62
470,41.47,39.72,46.44,43.72
471,39.88,43.19,49.5,40.88
472,46.28,48.41,52,47.44
473,59.53,58.56,61.34,60.12
474,73.06,70,72.44,72.81
475,82.88,81.81,82.5,82.81
476,77.75,77.12,77.62,77.94
477,77.56,78.88,78.5,77.62
478,82.69,83.81,80.06,79.69
479,82.81,82.81,81.12,80.12
480,86.06,86.94,84.81,84
481,82.5,83.06,80.06,78.69
482,87.12,86.12,85.44,85.12
483,92.12,92.38,91.06,91
484,90.88,91.25,89.12,89.12
485,88.25,87.94,86.06,85.38
486,91.25,92.12,91.19,91.44
487,91,92.44,91.06,91.38
488,87.44,89.31,87.75,88.06
489,87.19,89.56,88.56,88.56
490,87.56,91.12,90.69,90.88
491,79.56,86.12,85.5,85.62
492,75.75,80.19,78.81,78.88
493,76.06,85.19,84.06,84.31
494,68.12,81.31,79.5,79.81
495,69.69,,,
496,69.19,,,
497,59.44,,,
498,48,,,
499,51.47,,,
500,46.28,84.5,83.56,83.75
501,49.81,87.69,87.19,87.31
502,52.59,87.44,87,87
503,64.56,85.88,85.62,85.75
504,82.5,90,90.06,90.19
505,90.75,93.69,94.19,94.25
506,94.31,96.06,96.19,96.38
507,97.31,98,98,98.06
508,98.12,98.38,98.25,98.31
509,98,98.12,97.94,98
510,96.44,96.94,96.12,96.38
511,93.94,94.56,93.69,93.81
512,93.31,94.38,93.19,93.38
513,94.12,95.19,94.06,94.38
514,92.81,94.19,93.06,93.12
515,92.38,93.81,92.31,92.38
516,95.69,96.81,95.56,95.88
517,94.12,95.75,93.94,94.19
518,90.75,93.06,90.81,90.25
519,93.5,95.12,93,93
520,94.75,96.5,94.31,94.75
521,90.56,94.06,89.88,89.69
522,87.12,91.38,86.06,85.88
523,90.88,93.38,89.69,90.44
524,88.81,93.38,87.56,88.5
525,83.31,90.81,81.62,82.62
526,82.38,88.56,80.81,81.5
527,82.06,87.75,80.5,82.44
528,77.75,88.12,76.62,79.25
529,72.31,84.75,73,74.75
530,70.75,79.5,69.56,71.81
531,72.06,79.56,71.56,72.81
532,78.06,82.75,77.62,79
533,75.12,80,76.81,78.12
534,74.94,77.5,76.38,79.31
535,84,86.38,84.44,86.62
536,89.88,92,90.62,91.88
537,94.31,95.12,94.25,94.94
538,96.06,96.56,96.31,96.56
539,97,97.5,97.06,97.31
540,97.31,97.69,97.5,97.62
541,94.94,95.5,95.19,95.25
542,88.5,87,88.88,89.38
543,83.94,85.19,85.31,84.62
544,91.31,92,91.75,91.94
545,89.12,89.75,89.44,89.81
546,91.69,92.06,91.56,91.81
547,92.94,93.56,93.06,93.31
548,94.38,94.75,94.56,94.88
549,94.81,95,95.56,95.69
550,93.44,93.69,93.75,94.06
551,93.12,93.62,93.38,93.81
552,94.06,94.38,94.88,95.06
553,92.12,92.25,93.12,93.38
554,90.19,90.56,91.19,91.12
555,87.81,89.44,89.5,86.38
556,79.38,81.81,82.31,78.5
557,76.5,78.69,79.94,79.56
558,71.38,76.25,75.94,77.5
559,75.06,79.75,80.12,81.69
560,85.5,88.56,89,89.62
561,91,93.12,93.44,93.88
562,94.75,95.81,95.94,96.12
563,97.12,97.69,97.81,97.88
564,98.31,98.5,98.38,98.44
565,97.94,98.12,98.06,98.19
566,96.12,96.62,96.12,96.12
567,94.38,94.62,94.56,94.44
568,95.44,95.75,95.69,95.69
569,95.5,95.69,95.75,95.75
570,94.62,94.81,94.88,94.94
571,95.31,95.44,95.69,95.56
572,94.81,94.81,95.44,95.44
573,92.69,92.81,93.25,93.5
574,91.31,91.62,92.25,92.62
575,84.06,85.06,85.44,86.69
576,88.81,89.81,91.06,91.62
577,88.62,90.25,91.81,92
578,90.88,92.94,93.88,93.94
579,90.31,93.25,94,94.06
580,93.38,95.62,96.12,96.19
581,95.62,97,96.94,97
582,97.12,97.75,97.44,97.62
583,96.94,97.25,96.44,96.81
584,94.56,94.5,93.56,93.62
585,94.75,94.69,93.25,93.31
586,92.69,92.88,92.12,92.31
587,92.06,92.38,91.81,92.12
588,92.12,92.5,91.56,91.69
589,89.38,89.88,89.12,89.5
590,88,88.25,87.69,88.06
591,91.19,91.56,91.12,91.31
592,91.12,91.62,90.81,90.5
593,85.94,87.19,85.56,84.5
594,82.75,84.94,82.88,79.88
595,81.19,83.19,82,78.69
596,79.56,81.25,79.19,78.12
597,81.25,82.56,81.5,80.38
598,82.94,83.81,81.81,81.69
599,84,85.31,84.06,84
600,83.94,84.44,84.44,84.56
601,85.56,86.44,86.62,86.88
602,87.12,87,88.12,88.5
603,89.44,89.38,89.94,89.94
604,91.56,91.19,91.44,91.75
605,93.81,93.25,93.25,93.56
606,95.19,95.19,94.75,95.06
607,95.88,95.69,95.31,95.38
608,95.75,95.75,95.56,95.56
609,94.62,94.81,94.69,94.75
610,95.44,95.56,95.12,95.25
611,95.5,95.56,95.12,95.25
612,93,93.06,93.19,93.31
613,93.25,93.25,93.69,93.88
614,94.62,94.81,94.88,95
615,92.38,92.75,93.25,93.31
616,90.12,89.81,91.25,91.56
617,91.88,92.25,93,93.19
618,88.81,90.06,91.81,91.81
619,71.69,72.88,80.38,79.94
620,62.16,62.59,67.69,67.12
621,55.31,55.97,66.12,65.44
622,51.66,51.09,60.84,61.19
623,60.44,62.44,65.75,64.88
624,75.19,79.88,83.44,83.44
625,88,91,91.19,91.12
626,91,93.81,93.69,93.75
627,94.25,95.31,95.06,95.12
628,95.31,96.19,95.75,96
629,95.12,95.31,95.06,95.31
630,92.69,92.12,92.44,92.19
631,91.56,90.75,91.62,91.19
632,89.56,87.62,89.19,88.81
633,91.19,90.31,91.12,91
634,90.31,87.94,89.38,89.56
635,90.81,88.88,90.12,90.12
636,93.94,93.38,93.56,93.62
637,93.94,93.31,93.31,93.31
638,93.75,92.06,92.56,92.56
639,95.25,94.31,94.06,94.25
640,95.25,94.12,93.94,93.88
641,94.25,94.25,93.94,93.94
642,92.69,92.5,92.19,92.31
643,93.06,92.75,92.38,92.62
644,92.38,92.06,91.62,91.88
645,95,94.81,94.56,94.81
646,94.62,94.56,94.38,94.5
647,95.62,95.56,95.19,95.38
648,94.81,94.88,94.5,94.5
649,93.12,93.12,92.81,93
650,93.44,93.5,93.19,93.38
651,92.94,93.12,92.75,92.88
652,95.88,95.81,95.5,95.44
653,95.31,95.19,94.81,94.81
654,95.38,94.94,94.81,94.81
655,96.88,96.44,96.19,96.31
656,97.25,97,96.94,96.88
657,95.94,95.38,95.62,95.5
658,95,94.31,94.69,94.62
659,95.69,95.19,95.38,95.31
660,94.38,93.31,93.94,93.88
661,91.94,90.44,91.88,91.62
662,92.31,91.19,92.38,92.31
663,92.25,91.44,92.31,92.19
664,91,90.12,91.12,91.12
665,91.38,91,91.5,91.38
666,94,93.62,94.38,94.31
667,95.81,95.75,96.06,95.25
668,97.62,97.44,97.44,97.25
669,97.12,97.12,97.19,96.62
670,96.69,96.69,96.75,96.25
671,97.19,96.94,97.12,97.06
672,97.62,97.56,97.31,97.19
673,97.06,97.06,96.88,96.62
674,94.88,95.12,95.12,95.06
675,96.88,96.94,96.75,96.88
676,96.56,96.38,96.31,96.44
677,95.5,95.44,95.19,95.31
678,97.31,97.25,97,96.88
679,96.81,96.81,96.5,96.25
680,95.25,95.69,95.25,93.31
681,94.56,95.06,95.06,92.38
682,92.12,92.88,93.25,89.81
683,94.25,94.69,94.31,92.12
684,96.31,96.56,96.25,94.69
685,94.38,95.06,95.12,91.69
686,93.06,93.75,93.81,91.38
687,95.62,95.81,95.44,94.5
688,96.88,96.94,96.81,95.69
689,93.31,93.69,93.94,91.56
690,94.56,94.62,94.19,93.5
691,96.56,96.44,96.12,95.94
692,94.06,94.06,94.38,93.38
693,92.25,92.25,92.38,91.44
694,94.25,94.06,93.81,94
695,92.25,92.06,92.75,92.56
696,94.94,94.75,95,95.19
697,94.12,94.12,94.62,94.25
698,90.5,90.56,91.69,90.81
699,87.75,88,89.69,87.44
700,90,90.31,91.31,89.5
701,93,92.94,93.5,92.75
702,90.69,90.5,91.56,91.25
703,92.94,92.62,93.38,93.31
704,91.88,91.75,92.44,92.44
705,91.12,90.94,92.06,91.94
706,93.56,93.44,93.88,94
707,93.88,93.56,94.12,94.12
708,91.19,90.62,91.75,91.69
709,90.94,90.5,91.44,91.44
710,94.31,93.88,94.38,94.38
711,91.5,90.31,91.62,91.44
712,87.38,85.12,87.94,87.88
713,92.75,92.38,93,93.12
714,92.12,91.81,92.31,92.56
715,94.75,94.5,94.25,94.44
716,94.38,94.19,93.25,93.44
717,96.25,96.06,95.75,95.81
718,95.38,95.19,94.81,94.81
719,96.75,96.56,96.31,96.31
720,97.38,97.25,97.12,97.25
721,97.25,97.19,96.94,97.12
722,97.94,97.81,97.75,97.81
723,98.31,98.25,98.31,98.31
724,97.44,97.5,97.44,97.44
725,97.81,98,97.94,97.81
726,97.38,97.56,97.62,97.38
727,96.62,97.38,97.06,96.5
728,95.44,96.69,96.12,95.44
729,96.5,97.12,97,96.5
730,95.25,95.94,96.12,95.25
731,95.75,95.12,96.25,95.81
732,96.44,96.06,96.81,96.38
733,95.06,93.94,95.19,95
734,96.44,95,96.56,96.5
735,97.69,97.31,97.69,97.69
736,96.62,96.12,96.44,96.44
737,96,95.56,96,96
738,97.19,97.12,97.25,97.38
739,97.62,97.56,97.5,97.62
740,95.88,96.06,95.94,96.12
741,95.06,95.75,95.31,95.56
742,93.75,94.38,93.94,94.06
743,92.06,91.62,92.31,92.31
744,89.5,91.19,90.88,91.06
745,88.81,91.69,90.12,90.44
746,88.5,91.81,88.69,89.69
747,86.12,88.88,86.5,86.62
748,86,90.94,86.25,87.19
749,80.88,88.56,79.69,82.25
750,67.5,83,68.38,69.38
751,62.25,75.62,61.88,62.53
752,52.66,67.94,54.47,53.44
753,43.22,60.97,45.84,44.06
754,45.66,58.69,46.25,44.47
755,44.47,55.66,47.31,44.25
756,46.25,60.84,48,46.66
757,43.03,60,44.75,41.84
758,44.06,59.56,46.28,44.88
759,42.25,59.81,43.09,42.84
760,46.22,64.12,49.25,46.25
761,49.84,68.81,54.06,50.25
762,52.28,70.94,56.31,53.72
763,58.31,76.06,59.22,58.56
764,62.94,78.94,62.56,61.69
765,63.62,79.88,64.81,65.81
766,69.88,80.88,69.94,69.44
767,72.38,82.56,70.81,70.19
768,74.69,85.69,73.56,74.69
769,74.56,85.5,73.81,75.81
770,78.94,85.88,77.5,78.06
771,84.06,89.62,82.56,83.19
772,82.44,89.94,79.44,82.69
773,84.69,90.06,83.06,85.75
774,88.88,92.12,87.69,88.81
775,90.56,94.38,89.25,91
776,88.06,92.56,86.56,89.5
777,91.69,93,91.31,92.38
778,93.25,93.44,93,93.69
779,91.44,92.19,91.19,92.19
780,88.62,87.06,88.06,89.81
781,85.81,84.75,85.25,87.06
782,89.75,89.31,89.38,90.69
783,89.31,92.12,89,90.12
784,93.81,94.56,93.44,94.31
785,93.81,95.5,93.44,94.44
786,95.69,95.5,95.5,95.88
787,95.5,93.44,95.44,95.69
788,94.69,94.75,94.5,95
789,94.88,94.81,94.88,95.19
790,94.81,93.38,94.94,94.94
791,93.88,91.94,93.94,94
792,93.62,93.12,93.62,93.62
793,92,91.25,92.06,91.94
794,89.94,88.25,90.19,90.06
795,88.75,88.81,88.75,88.88
796,88.06,88.44,88.12,88.12
797,84.38,84.12,84.44,84.44
798,83.81,83.19,83.94,83.81
799,80.81,81.69,80.75,80.69
800,72.38,73.38,72.25,71.69
801,61.22,60.69,61.53,60.16
802,55.28,54.84,53.81,54.06
803,51.94,56.34,51,52.47
804,56.81,62.78,54.16,55.03
805,60.94,66.5,56.69,59.19
806,66,74.56,60.19,63.12
807,74.56,85.5,62.44,70.75
808,77.5,88,69.12,73.56
809,78.38,91.38,71.19,73
810,79,88.62,73.25,73.19
811,80.38,86.44,75.38,73.94
812,83.06,87.38,80.81,79.06
813,84.88,89,83.56,81.88
814,85.94,89.75,84,83.12
815,88,91.56,86.5,86.25
816,89.38,92.5,88.88,88.19
817,90.56,92.94,90.31,89.88
818,90.25,91.81,89.81,89.81
819,91.56,92.94,91.44,91.62
820,92.81,94.19,93.19,93.06
821,91.75,92.31,92.06,92
822,90.62,91.19,90.56,90.75
823,91.69,92.56,92,92.12
824,92.56,93.06,93.19,93.06
825,90.56,90.62,91.06,90.81
826,89.75,90.19,90.06,90.12
827,91.31,91.94,91.62,91.62
828,92.44,92.56,92.56,92.56
829,90.31,90.62,90.62,90.69
830,90.31,90.75,90.75,90.56
831,93.75,93.94,94.06,94.06
832,93.38,93.5,93.56,93.5
833,90.31,90.44,90.94,91
834,91.19,91.12,91.56,91.81
835,93.5,93.56,93.81,93.94
836,91,91.38,91.56,91.5
837,85.69,85.62,86.69,86.75
838,88.38,88.12,89,89.31
839,89.19,89.69,90,90.06
840,92.88,93.44,93.56,93.5
841,93.44,94.12,94,93.75
842,91.5,93.12,92.62,92.12
843,88.25,90,89.19,88.75
844,86.56,89.25,88.19,87.5
845,86.06,89.81,88.25,87.12
846,86.88,91.38,90.31,87.12
847,91.5,93.69,92.94,91.94
848,91.75,93.31,92.88,92.25
849,92.44,92.75,93,92.44
850,91.12,91.56,92.19,91.38
851,91.31,92.69,92.56,91.56
852,93.56,94.31,94.5,93.69
853,94.12,93.5,94.81,94.12
854,92.94,92.81,94,93.06
855,94.88,93.88,95.44,95
856,94.31,92.38,94.81,94.56
857,92.31,89.06,93.12,92.88
858,94.12,91.12,94.56,94.38
859,95.25,90.5,95.44,95.44
860,94.81,93,94.88,95.06
861,95.75,94.69,96.06,96
862,96.88,95.06,97,97
863,96.75,95.62,96.69,96.94
864,97,96.56,97,97.12
865,97.69,97.5,97.69,97.69
866,97.62,97.44,97.44,97.62
867,97.12,97.25,96.75,97.12
868,96.25,96.25,95.94,96.25
869,95.75,95.88,95.38,95.56
870,94.5,94.88,93.69,94.19
871,94.44,94.31,93.44,94
872,92.62,92.81,91.69,91.69
873,92.62,93.44,91.62,91.88
874,93.5,94.5,92.5,92.69
875,92,94.12,91.38,91.44
876,91.62,94.31,90.38,89.69
877,87.88,92.25,87.06,86.44
878,84.38,87.44,80.75,81.81
879,78.31,80.12,74.56,75.69
880,78.06,80.25,72.12,75.5
881,77.44,80.12,73,75.69
882,75.81,81.5,71,75.62
883,82,86.44,78.94,80.81
884,87.62,91.31,85.44,86.62
885,87.75,90.19,84.56,84.81
886,88.69,90.81,85.81,86.44
887,83.5,86,79.5,79.31
888,79.81,83.19,76.5,76.44
889,66.69,73.25,75.19,74.69
890,69.06,75.75,73.44,70
891,76.12,80.25,77.56,77.5
892,79.25,84.81,81.75,83.75
893,82.88,85.88,82.5,85.69
894,84,89.12,81.75,86.44
895,83.56,88.75,79.5,84.75
896,75.44,87.62,68.5,77.31
897,78.06,88.69,73.06,79.94
898,86.44,92.44,83.94,87.75
899,85.94,93.19,83.56,87.75
900,85.69,93.44,82.38,87.12
901,81.94,89.81,70.81,84.25
902,70.75,87.06,59.19,74.5
903,67.88,84.38,48.56,75.19
904,67.94,81.25,43.69,75.62
905,64,85.81,48.5,69.38
906,63.75,83.75,53.25,67.75
907,60.19,87.69,55.16,64.56
908,58.84,87,52.12,62.06
909,57.38,88.38,54.94,58.19
910,56.47,89.25,58.09,57.91
911,55.75,90.62,55.66,54.88
912,58.59,89.31,58.75,54.84
913,61.44,89.38,63.66,52.69
914,65.38,92.25,73.31,58.66
915,75.44,91.12,78.06,69.94
916,88.06,93.94,88.31,85.12
917,89,93.94,89.81,87.88
918,93.81,96,93.56,93.19
919,93.94,96.19,93.88,93.88
920,95,96.38,94.56,95
921,92.56,94.75,92,92.56
922,90.06,92.19,88.44,89.38
923,85.62,87.38,80.12,82.5
924,81.56,84.12,78.44,80.25
925,80.81,82.5,80.31,81.38
926,82.25,84.44,82.5,84.25
927,84.94,86.69,84.44,86.62
928,88.62,91.44,87.25,88.75
929,88.56,90.75,86.56,88.81
930,92.5,94.69,91.62,92.94
931,93.31,95.62,92.62,93.56
932,95.38,96.62,95.25,95.56
933,93.94,96.38,94.12,93.94
934,95.56,96.75,95.69,95.5
935,95.25,96.62,95.62,95.19
936,95.56,96.75,95.75,95.19
937,96.88,97.44,96.94,96.56
938,96.94,97.25,96.94,96.88
939,96.38,96.81,95.94,96.06
940,94.75,95,94.25,94.69
941,94.38,94.62,94.69,95.25
942,95.38,95.38,95.12,95.62
943,92.38,92.38,92,92.62
944,87.25,87.44,87.62,87.5
945,83.38,83.06,83.12,83.69
946,80.38,80.69,80.81,81.44
947,72.06,71.12,71.88,73.5
948,70.38,68.88,70.69,71.31
949,64.44,61.69,67.25,61.19
950,60.31,58.5,65.81,56.03
951,59.19,56.25,59.47,52.31
952,58.47,57.75,57.06,54.16
953,62.28,61.88,60.62,56.16
954,63.12,64.06,52.78,57.88
955,61.12,61.41,49.84,55.5
956,56.34,57.81,52.22,53.25
957,52.72,52.62,48.12,49.41
958,49.31,50.31,49.75,47.94
959,45.19,43.97,46.34,43.38
960,46.75,46.44,44.75,45.62
961,50.09,49.94,48.22,48.69
962,52.97,52.34,53.09,51.38
963,72.5,70.06,70.62,68.31
964,85.25,84.94,85.88,82.56
965,87.38,86.69,86.94,84.06
966,87.75,86.69,89.12,83.25
967,88.06,87,88.81,84.88
968,87.62,85.44,87.94,83.12
969,89.06,86.44,88.12,86.81
970,87.69,80.19,83.75,83.31
971,82.12,74.5,79.62,76.5
972,86.69,83.69,84.94,84.56
973,90.75,90.25,90.44,88.75
974,89.38,90.06,90.69,85.81
975,92.44,92.62,92.69,90.31
976,92.62,92.75,92.69,90.06
977,92.94,93.38,93.19,91.56
978,91.19,91.06,91,90.56
979,87.81,87.38,85.81,86.25
980,88.56,88.31,87.56,88
981,92.44,92.5,91.88,92.12
982,89.75,89.56,88.69,89
983,87.5,87.25,85.75,87.12
984,89.75,89.94,88.81,89.62
985,91.88,92.25,91.12,92
986,88.38,88.5,87.5,88.06
987,87.38,87.94,87.44,88.25
988,90.38,91.25,90.88,91.25
989,91.12,92,91.19,91.62
990,85.94,86.5,86.5,86.88
991,85.19,87.06,85.75,86.62
992,92.12,93.38,92.62,92.56
993,90.88,91.62,91.5,91.62
994,87.44,88.69,88,88.12
995,87.69,89.75,89.19,87.94
996,91.88,92.88,92.62,92.25
997,88.81,89,89.81,89.88
998,87.44,89.12,88.56,88.5
999,90.69,92.12,91.81,91.31
1000,90.62,91.38,91.5,91.25
1001,88.56,89.81,89.94,89.88
1002,88.31,90.06,89.62,89.31
1003,88.75,90,89.75,89.38
1004,87.12,88.81,88.25,88.12
1005,87,89.25,88.38,87.94
1006,82.75,87.81,85.12,84.56
1007,83.19,88,85.69,84.75
1008,82.62,89,86.69,84.25
1009,83.5,88.88,87.12,85.69
1010,78.88,86.25,82.69,82.75
1011,62.75,77.12,73,73.56
1012,62.53,76,73.38,71.38
1013,58.34,78.25,72.69,70.38
1014,61.91,80.12,75.44,66.88
1015,58.5,81.06,76.06,61.5
1016,59.06,84.81,79.56,58.81
1017,73.25,86.88,83.81,74.25
1018,77.56,87.25,84.88,79.62
1019,82.5,90,88.19,82.69
1020,87,91.25,89.81,87
1021,89.12,92.12,91.31,89.31
1022,91.12,93.56,92.56,91.25
1023,93.06,94.88,94.38,93.5
1024,93.88,95.44,95,94.25
1025,94.81,95.81,95.56,95
1026,96.19,96.81,96.75,96.5
1027,95.81,95.75,96.31,96.12
1028,96.75,96.69,97.12,96.94
1029,97.12,97.25,97.44,97.31
1030,96.56,96.38,97.06,96.94
1031,95.75,95.12,96,95.94
1032,95.94,96,96.44,96.06
1033,95.25,96.12,96.12,95.31
1034,92.81,93.75,93.62,93
1035,92.56,93.69,93.75,93.06
1036,92.75,95,94.31,92.5
1037,89.81,92.88,90.94,89.75
1038,88.19,91.12,89.12,88.69
1039,89,90.38,89.81,89.56
1040,87.81,86.31,89,89.25
1041,88.81,81.62,89.44,89.56
1042,88.56,75.75,89.31,89.62
1043,87,75.5,87.69,87.94
1044,79.44,67.44,82.19,81.19
1045,80.94,62.38,82.69,81.56
1046,71.75,59.44,74.38,70.69
1047,76,59.97,78.38,73.56
1048,68.75,56.81,70.06,67.5
1049,61.53,52.38,62.66,60.66
1050,53.31,50.19,54.06,52.47
1051,51.97,48.16,52.16,50.94
1052,50.75,51.12,50.78,51.78
1053,54.81,56.12,55,59.38
1054,55.66,56.25,56.16,57.38
1055,63.25,64.94,63.59,64.56
1056,84.19,85.56,83.25,84.38
1057,87.69,89.44,86.88,87.94
1058,91,92.69,90.19,91
1059,91.75,92.75,90.56,91.38
1060,88.5,90.88,86.12,88.62
1061,88.62,91.31,85.5,88
1062,90.19,92.44,88.62,90.25
1063,86.25,89.38,83.5,86.5
1064,82.56,86.62,74.69,81.06
1065,77.56,83.25,72.75,77.81
1066,71.88,74.12,67.06,74.19
1067,62.31,62.28,60.38,65.56
1068,53.22,51.84,51.78,56.5
1069,47.25,46.5,49.09,52.28
1070,44.34,44.38,44.91,47.81
1071,41.34,38.72,43.22,45.31
1072,36.5,37.62,41.19,43.03
1073,36.81,33.88,37.88,38.97
1074,35.41,36.41,38.94,41.22
1075,29.88,33.59,34.34,34.66
1076,30.67,33.25,37.28,38.81
1077,29.95,37.56,39.06,40.91
1078,31.75,30.19,31.61,33.88
1079,36.5,36,35.97,37.56
1080,27.83,32.16,35,38.91
1081,29.53,31.91,31.02,33.09
1082,34.28,34.5,35.06,40.44
1083,33.59,35.66,37,35.97
1084,44.03,40.84,39.06,40.91
1085,48.19,47.81,49.56,50.47
1086,55.06,54.91,54.66,55.59
1087,63.38,65.81,63.09,64.94
1088,77.12,80.5,75.38,76.81
1089,83.94,86.5,82.31,84
1090,87,88.69,86,86.69
1091,89.62,91.25,88.75,89.12
1092,89.56,91.5,88.69,89.12
1093,89.62,91.38,89.12,89.19
1094,89.75,91.94,88.88,89.5
1095,88.19,90.62,87.25,87.88
1096,87.12,89.94,86.31,87.56
1097,80.75,83.44,80,80.5
1098,84.12,86.12,83.56,83.69
1099,83.75,86.12,82.38,82.5
1100,84.19,87,82.56,82.56
1101,83.5,86.69,82.06,81.88
1102,84.56,87.06,83.56,83.38
1103,85.81,88.69,85.06,85.31
1104,82.19,85,80.88,81.38
1105,82.44,86.31,81.19,80.88
1106,83.06,87.75,83,83.75
1107,82,86.94,81.94,82.44
1108,80.88,85.94,80.69,82.38
1109,79.25,83.88,77.31,79.12
1110,82.06,85.31,80.81,82.06
1111,84.19,87.25,83.94,84.38
1112,83.38,87.12,82.88,82.88
1113,84.56,87.44,84.06,83.44
1114,83.5,86.69,82.94,83.25
1115,81.81,85.25,81.38,81.5
1116,82.06,85.44,81.12,80.5
1117,76.69,81.44,77.69,77.38
1118,73.25,78,73.94,74.19
1119,66.31,70.19,67.62,67.44
1120,62,64.19,63.19,59.41
1121,60.75,64.12,59.78,57.69
1122,54.91,58.94,55.31,53.59
1123,58.81,63.66,57.88,55.88
1124,54.28,57.78,54.88,53.59
1125,60.16,64.75,60.69,60.16
1126,57.81,62.03,57.53,58.72
1127,62.19,66.38,62.56,63.28
1128,74.31,76.94,72.75,74.25
1129,79.44,82.38,78.75,80.44
1130,86,87.75,84.5,85.62
1131,89.38,91.56,88.12,89.06
1132,90.88,92.5,89.62,90.44
1133,92.44,94.12,91.25,91.75
1134,92.25,94.12,91.06,91.62
1135,91.44,93.31,90,90.75
1136,90.69,91.88,90.06,90.5
1137,84.81,86.81,83.69,84.25
1138,78.31,80.69,78.44,78.5
1139,84.81,86.44,84.06,84.19
1140,88.62,89.56,87.81,88.12
1141,91.12,91.5,91,91.12
1142,91,91.75,90.5,90.31
1143,91.81,93.12,90.44,90.38
1144,91.81,93.94,89.81,90.25
1145,91.38,94.44,89.31,90.06
1146,89.31,91.94,87.06,88.19
1147,85.81,88,82.69,84.81
1148,84.12,86.5,81.81,83.31
1149,76.81,78.62,75,77.25
1150,74.56,77.19,73.12,74.75
1151,67.81,71.69,66.88,69.06
1152,69.06,74.31,68,69.88
1153,71.19,77.31,69.81,71.38
1154,77.75,81.69,74.25,76.81
1155,81.88,84.56,79.81,80.75
1156,79.81,83.06,77.25,79.12
1157,83.19,85.94,80.69,82.81
1158,83.06,87.5,77.75,81.5
1159,86.12,89.62,81.44,83.88
1160,86.31,91.81,80.56,82.94
1161,87.44,93.06,82.62,82.25
1162,88,91.38,85.44,85.69
1163,87.06,88.31,84.44,83.56
1164,87.44,87.12,86.25,85.69
1165,88.88,87.38,88.12,87.31
1166,90.69,88.38,89.56,89.19
1167,88.88,89.25,88,88.06
1168,87.12,85.88,85.38,85.69
1169,86.5,83,84.69,84.06
1170,86.62,85.62,86.19,85.25
1171,87.19,87.06,86,85.94
1172,84.12,81.56,81.75,81.31
1173,80.81,78.62,79.56,77.25
1174,84.94,84.06,83,81.88
1175,84,82.81,80.75,80.62
1176,78.62,74.88,75.62,75.5
1177,77.12,76.44,75.25,74.75
1178,79.19,79.12,77.19,77.12
1179,81.12,81.38,79.88,78.94
1180,80.38,82.69,79.88,79.44
1181,76.56,79.12,74.94,75.06
1182,77.69,80.56,76.06,76
1183,77.69,80.94,74.75,75.81
1184,78.69,82.12,75.69,77.06
1185,74.25,79.69,68.94,71.69
1186,67.75,75.5,62.59,65.44
1187,71.06,77.5,65.38,69.44
1188,70.81,75.5,65.19,69.19
1189,75.88,81.19,71.75,75.19
1190,82.31,84.69,79.12,81.44
1191,84.62,87.44,83,84.19
1192,86.06,88.06,84.81,85.38
1193,86.81,88.69,85.5,86.31
1194,85.62,87.44,84.44,84.81
1195,86,87.5,84.44,84.88
1196,85.31,87,84.06,84.06
1197,88.06,89.19,87,87.06
1198,88.88,90.62,88,88.12
1199,86.19,88.12,84.88,84.88
1200,86.38,87.12,85.12,85.06
1201,88.62,89.88,87.31,87.38
1202,88,89.88,86.19,86.5
1203,82.62,85.75,80.19,80.31
1204,84.44,84.25,81.25,81.44
1205,86.81,88.56,84.31,83.19
1206,82.88,85.75,78.81,78.12
1207,79.31,79.81,74.69,73.31
1208,79.5,77.38,75.75,74.25
1209,78.62,75.31,72.38,71.06
1210,72.12,74,65.06,63.47
1211,74.19,74.75,67.19,66.12
1212,68.81,69.62,59.22,57.81
1213,59.59,62.94,48.12,52.69
1214,55.09,52.94,41.81,41.72
1215,47.19,43.78,34.28,34.16