residue,mel_plddt,sb_plddt,sb1_plddt,sb2_plddt,sim_plddt,tei_plddt,yak_plddt
1,88.81,87.25,88.25,89,87.62,88,88.75
2,89.56,87,87.88,89.94,88.5,89.5,90.06
3,92.44,91.06,91.5,92.38,91.44,91.5,92.5
4,93.81,92.94,92.94,93.81,93.12,92.94,93.81
5,94.75,93.75,93.88,94.69,94,94.19,94.69
6,94.31,93.62,94.06,94.38,93.88,94.12,94.44
7,93.75,92.56,93.12,93.69,93.31,92.5,93.75
8,94.12,92.94,93.31,93.88,93.94,93.06,93.88
9,94,92.94,93.25,93.12,94.19,93.81,93.56
10,94.38,93.5,93.81,93.88,94.69,94.5,93.94
11,93.62,93,93.44,93.12,94.31,92.81,92.94
12,90.81,90.81,91.94,89.19,91.81,90.62,89.31
13,90.19,90.25,91.06,89.19,90.56,91.06,89.25
14,91.88,91.5,92.25,91.31,93.5,92.31,91.38
15,90.38,90.75,91.31,89.06,93.38,90.31,89.06
16,87.25,87.62,89,85,89.44,88.12,86.31
17,87.5,86.69,89.5,86.31,89.31,89.75,86.75
18,87.75,87.62,89.06,85.94,90.62,88.75,86.44
19,84.38,86.12,87.69,82.75,87.94,85.81,83.31
20,79.25,79.69,82.94,77.81,80.62,81.75,77.94
21,77.06,77,80.38,75.69,76.62,77.81,75.38
22,80.5,80,83.81,79.81,80.88,81.75,78.44
23,84.75,82.31,86.38,83.94,86.31,83.31,82.94
24,87.38,84.75,87.62,86.94,88.38,85.81,85.88
25,83.94,83.31,85.56,83.88,85.25,84.44,83.19
26,84.25,82.69,84.44,84.38,83.75,84.69,83.69
27,88.19,85.19,86.88,88.19,86.31,88.12,87.5
28,86.5,83,85.31,85.88,79.56,86.06,85.56
29,86.75,82.88,85,85.69,79.88,87.88,85.38
30,89.62,87.12,88.31,88.5,80.88,90.75,88.81
31,91.38,88.06,89.81,90.75,85.75,91.56,90.12
32,88.88,85.06,87.56,87.56,81.56,88.25,87.44
33,88.44,82.81,86.62,87.62,82.5,87.69,87
34,90.06,84,88.75,89.19,84.94,89.81,88.12
35,92.94,90.25,91.62,92.75,90.06,92.75,92.12
36,93.56,90.94,92.5,93.56,91.75,92.62,93.19
37,93.69,91.44,93.31,93.56,92.38,92.44,93.19
38,95.25,93.38,94.56,95.19,94.19,94.69,94.88
39,95.31,93.75,94.69,95.25,94.69,94.81,95
40,94.69,92.69,93.88,94.62,94.06,93.38,94.56
41,95.44,93.94,94.94,95.31,94.62,93.25,94.88
42,95.31,94.12,94.75,95.12,94.81,94,94.88
43,95.12,93.69,94.44,94.81,94.5,93.5,94.75
44,92.62,91.5,92.25,92.56,91.25,89.12,91.88
45,94.06,92.31,92.94,93.81,92.75,89.06,93.44
46,94.19,92.62,93.56,93.81,93.56,90.62,93.25
47,91.69,90.25,91.31,91.25,90.5,86.75,91.12
48,93.31,91.62,92.69,93.12,93.06,90.88,92.81
49,90.88,89.19,90.25,90.88,90.62,88.56,90.5
50,91.81,89.94,91.38,92.19,91.75,90.56,91.5
51,87.56,85.81,88.25,88,87.25,86.88,86.94
52,87.62,83.94,86.75,88.12,86.56,87.5,87.25
53,82.94,78.62,82.38,83.31,80.31,85.44,81.81
54,80.88,74.25,75.94,81,74.56,83.12,78.56
55,74.75,69.06,71.25,75.19,67.19,77,73.38
56,70,65.38,67.25,70.69,62.91,72.12,69.12
57,72.19,65.25,67.56,72.31,64.38,73.06,70.88
58,80.62,73.69,76.56,80.38,71.75,83.38,78.25
59,85.31,79.25,81.75,85.25,79.62,86.62,83.81
60,86.94,82.88,85.31,86.88,82.69,88.31,85.75
61,90.06,88,89.88,90.31,88.19,90.38,89
62,88.81,86.25,89.25,89.44,87.88,88.5,87.56
63,91.19,89.12,91.12,91.38,91.5,90.25,90.38
64,89.31,88.31,90.75,89.25,90.19,88.06,88.25
65,89.38,86.94,89.31,88.75,89.94,86.44,88.62
66,84.94,83.69,85.56,84.62,84.88,81.5,84
67,80.75,78.81,80.94,80.5,81.12,77.19,80.06
68,84.5,80.88,84.25,84.38,84.88,81.75,83.12
69,86,81.94,85.75,86.12,86.94,79.69,84.25
70,82.94,77.69,81,83.44,84.94,80.44,81.81
71,82.5,74.94,77.56,82.88,84.25,79.62,80.5
72,84.75,82.62,84.25,85,85.94,84.5,83.44
73,79.56,77.69,78.69,79.81,80.62,79.81,80.31
74,86.94,85.69,87.06,87.06,87.12,85.44,87.06
75,89.19,89.25,89.94,89.25,89.12,89,88.88
76,93.06,93.31,93.62,93.12,93,92.75,93
77,92.56,93.31,93.69,92.69,92.81,91.62,92.56
78,94.88,95.56,95.81,94.94,95.06,94.38,94.81
79,93.12,94.31,94.5,93.19,93.56,91.62,93.12
80,94.62,95.06,95.19,94.62,94.69,94.25,94.44
81,94.44,95.19,95.19,94.44,94.56,93.81,94.38
82,93.06,93.88,93.88,93.06,92.88,91.69,92.75
83,92.5,93.56,93.56,92.44,92.38,92.31,92.31
84,94.94,95.19,95.19,94.88,94.88,95,94.75
85,93.12,93.56,93.44,92.94,92.81,92.38,92.19
86,92.38,93,93.06,92.38,92.38,90.88,91.19
87,94,94,93.94,93.88,94,93.06,93.19
88,92.25,91.81,91.88,92.06,92.31,91.5,90.94
89,90.06,89.75,89.69,89.94,89.75,88.19,87.75
90,89.44,90,89.56,89.19,89,88.06,87.88
91,90.19,89.62,89.12,89.94,89.62,88.69,88.38
92,88.19,87.62,87,87.88,87.25,86.88,85.5
93,86.25,84.5,84.06,86,84.88,81.38,80.75
94,82.38,82.19,80.69,81.62,77.06,77.94,75.44
95,70.62,68.31,65.25,66.75,68.81,59.91,57.41
96,69.88,66.38,64.19,67.12,63.59,59.12,54.06
97,66.62,64.56,63.28,64,53.09,56.62,53.47
98,58.44,57.78,55.84,55.06,48.78,50.56,47.19
99,51.06,50.38,47.69,49.19,49.5,46.19,42.12
100,48.16,49,45.56,44.34,41.97,47.81,40.72
101,46.19,47.91,43.44,44.38,42.5,50.75,40.38
102,45.59,40.81,38.09,43.91,44.12,53.22,40.62
103,44.59,40.34,37.12,42.97,43.88,54.19,43.62
104,46.53,48.28,43.38,45.56,49.94,51.56,47.41
105,47.72,46.31,43.88,46.81,47.97,52.03,49.75
106,46.25,46.28,46.53,50.91,49.88,51.25,51.88
107,51.22,49.91,49.34,51.69,50.59,51.81,53.53
108,53.69,51.38,50.78,54.72,52.34,52.31,57.28
109,55.16,51.38,52.06,56.09,51.75,54.16,58.53
110,52.81,49.91,51.12,53.16,51,57.12,58.38
111,52.78,53.12,53.59,53.84,53.91,58.03,58.12
112,55.69,56.5,58.19,56.94,57.38,62.44,62.88
113,62.25,63,62.66,61.66,65.94,67.56,66.44
114,69.81,70.31,68.56,68.88,73.38,77,77.06
115,67,66.06,66.5,66.75,69.88,73.81,69.06
116,66.69,65.56,65.75,65.81,67.88,72.31,66
117,67,67.31,67.38,66.31,68.88,70.81,67.19
118,71,68.56,68.44,70.25,70.88,74.19,71.44
119,73.44,73.44,73.56,73.31,73.38,77.25,74.06
120,71.81,71.5,70.62,71.12,72.12,74.62,72.56
121,68.5,69.25,67.25,67.81,67.56,70.5,66.81
122,68.25,64.56,64.19,68.19,66.38,63.47,64.5
123,58.94,65.12,62.41,58.91,59.78,60.06,58
124,60.72,64.56,60.69,60.66,63.38,59.91,59.97
125,62.72,71.62,66.94,62.72,65.19,64.38,61.84
126,68.31,78.81,77.5,68.31,67.94,76,67.38
127,67.56,77.62,76.44,67.81,66.12,75,65.5
128,75,82.25,81.62,75.56,73.25,82.31,74
129,79.5,85.81,86.25,80.62,76.25,88.5,78.19
130,79.31,84.69,84.81,79.69,75.56,87.12,79.81
131,82.94,86.31,86.31,83.31,78.5,89.38,84.25
132,79.31,82.31,81.88,80.06,74.31,87.69,78.12
133,71.81,74.5,74,72.38,68.31,79.19,71.06
134,66.5,66.5,66.31,66.88,68.19,74.06,65.44
135,67.12,65.12,65.31,67.06,68.25,73.06,67.75
136,71.69,68.88,68.62,72.06,75.12,78.56,76.62
137,80.06,77.44,76.25,80.38,81.06,83.38,82.12
138,83.19,81.94,80.19,83.62,84.44,87.81,86.06
139,82.81,80.56,78.56,83.25,84.94,87,87.44
140,80.56,79.75,78.75,80.81,82.25,87.12,85.88
141,84.62,82.69,81.69,84.69,85.38,88.19,87.25
142,81.81,81.12,80,81.94,83.56,86.94,86.69
143,83.56,82.12,81.19,83.56,84.81,88.12,87.88
144,83.5,82.44,81.56,83.31,84.12,87.81,87
145,85.56,85,83.69,85.44,86.19,87.62,87.5
146,86.06,86.19,84.94,86.06,86.88,88.56,89
147,85.62,84.5,83.56,85.62,86.06,87.88,88
148,89.31,88.12,87.19,89.25,89.62,90.88,91.06
149,83.75,84,83,83.88,84.38,87.19,86.62
150,83.75,83.31,82,83.88,83.81,88.06,87.06
151,88.25,87.38,86.5,88.25,88.81,89.56,89.62
152,85.25,83.94,83.44,85.25,86.44,89.38,89.56
153,87.06,86.06,85.44,87,88.31,91.56,90.62
154,89.81,88.81,88.31,89.62,90.75,91.69,91.5
155,90.25,89.94,89.5,90.25,90.44,90.81,91.25
156,90.81,89.69,89.06,90.69,90.25,91.69,92.62
157,90.44,90,89.5,90.38,91.06,93.38,93.44
158,92.5,92.31,92,92.5,92.62,93.06,93.31
159,92.62,92.25,91.94,92.62,92.31,92.75,92.81
160,91.88,91.56,91.38,91.81,91.44,93.12,92.25
161,90.69,89.81,89.5,90.69,89.12,92.5,91.94
162,91.19,90.62,90.44,91.19,88.56,91.25,91
163,92,91.31,91.31,92,92,92.62,93.06
164,93.94,93.12,93.06,93.94,93.19,94.12,94
165,94.06,94.06,94,94.12,92.88,94.12,93.62
166,96.31,95.44,95.5,96.38,96.12,96.31,96.75
167,96.06,95.56,95.44,96.06,95.75,96.38,96.38
168,96.25,95.56,95.5,96.25,96.19,96.69,96.81
169,95,93.81,93.5,95,95.06,95.69,96.12
170,94.06,93.25,92.94,94.12,94.56,94.75,95.19
171,92.31,91.56,91.19,92.31,92.69,93.5,93.75
172,90.06,89.56,89.31,90,90,90.88,91.38
173,91.06,90.75,90.5,91.19,90.94,91.31,91.81
174,88.25,87.56,87.38,88.25,88.25,89.12,89.31
175,90.19,90.06,89.75,90.25,90.31,91.38,91.44
176,92.69,92.12,91.88,92.62,92.69,93.88,93.56
177,94.56,93.12,92.75,94.56,94.44,94.75,94.81
178,94.38,94.62,94.25,94.38,94.31,94.81,94.12
179,94.81,94.94,94.69,94.81,94.69,94.94,94.75
180,94.62,94.38,93.94,94.62,94.5,94.81,94.88
181,94.56,94.75,94.5,94.56,94.5,95.06,95.12
182,95,95.31,95.12,95,94.56,95.38,95.31
183,93.06,93.19,93,93.06,92.5,93.06,93.12
184,92.19,92.38,92.12,92.19,91.88,92.38,92.69
185,93.38,93.62,93.44,93.38,93.06,93.69,94.25
186,91.62,92.25,92.12,91.69,91.19,92.5,92.12
187,89.31,89.31,89.06,89.31,88.88,89.94,89.69
188,89.88,89.94,89.75,89.88,89.31,90.62,90.31
189,89.75,89.88,89.81,89.81,88.81,91.06,90.19
190,87.12,86.88,86.88,87.19,86.31,88.75,87.38
191,85.62,85.94,85.81,85.62,85.12,87.12,86.69
192,87.88,88.12,88.12,88,87.12,89.19,88.44
193,86.75,87.62,87.81,86.88,85.5,89.12,87.44
194,87.06,88.88,88.88,87.25,86.25,90,87.75
195,87.38,89.06,88.94,87.62,86.06,90.12,87.75
196,91.06,92,91.88,91.12,89.56,92.44,91.31
197,92.31,93.12,93.06,92.38,91.5,93.31,92.31
198,95.19,95.69,95.5,95.19,94.62,95.44,95.38
199,94.81,95.25,95.25,94.75,94.44,95.44,95.25
200,97.62,97.62,97.56,97.56,97.31,97.5,97.62
201,97.56,97.62,97.56,97.56,97.31,97.19,97.56
202,96.94,97.12,97.06,96.94,96.75,96.5,96.94
203,93,92.94,92.69,92.94,92.62,92.62,93.19
204,94.25,94.31,94.31,94.12,92.94,93.94,93.94
205,93.25,93.25,93.38,93.06,92.06,93.06,92.69
206,94.12,94.19,94.31,93.88,93.44,93.81,93.56
207,96.06,95.88,95.94,95.94,95.5,95.94,95.88
208,96.31,96,96.06,96.25,95.88,96.06,96
209,95.12,94.75,95,94.94,94.56,94.94,94.81
210,95.38,94.81,94.88,95.31,94.88,94.69,95.19
211,96.19,96,95.94,96.12,95.75,95.81,96.12
212,96.38,96.19,96.19,96.38,95.88,96.25,96.19
213,94.56,94.44,94.5,94.5,94,94.38,94.44
214,93,92.94,92.69,92.88,91.75,92.94,92.62
215,94.25,94,93.81,94.25,92.88,93.88,93.62
216,93.88,93.69,93.56,93.81,92.69,94,93.56
217,90.12,89.69,89.5,90.12,89.62,91.06,90.62
218,87.94,87.88,87.56,87.75,87.81,90.12,89.19
219,88.19,88,87.81,88.19,88.62,90.25,89.81
220,87.25,87.81,87.69,87.19,87.31,88.19,88.25
221,89.06,89.19,89.38,89,88.81,90.75,89.81
222,90.5,90.94,91,90.38,90.19,91.56,91.12
223,92.75,92.19,92.19,92.69,92.19,93.12,92.44
224,89.12,90.06,89.88,89,88.25,90.38,88.44
225,90.38,91.5,91.44,90.25,89.44,91.75,90
226,90.81,91.81,91.75,90.75,89.75,92.25,90.94
227,94.56,94.94,94.75,94.5,93.56,94.81,94.19
228,93.88,94.06,94.25,93.75,92.94,93.75,92.94
229,94.31,93.94,94,94.19,93.75,93.44,93.5
230,91,91.25,91.44,90.75,90.44,91.25,90.31
231,88.88,87.69,87.94,88.56,88,88.69,87.25
232,78,76.81,77.88,77.5,77.12,78,75.88
233,75.88,74.62,75.19,75.5,74.62,76.12,74.06
234,81.19,80.19,81.06,80.75,79.19,81.69,78.38
235,87.31,86.94,87.56,87.12,86.5,87.5,85.94
236,90.62,90.5,90.69,90.38,89.56,90.5,89.44
237,89.81,90,90.06,89.56,88.81,90,89
238,86.88,88.06,88.31,86.69,85.56,88.19,85.88
239,84.31,86.12,86.5,84.19,83.06,85.62,83.5
240,84.56,86.62,86.81,84.38,82.75,86.94,83.75
241,91.31,92.25,92.38,91.19,90,92.38,90.75
242,92.5,93.5,93.44,92.5,91.31,93.38,92.25
243,95,95.44,95.19,95,94.25,94.94,94.5
244,95,95.38,95.38,94.94,94.38,94.75,94.5
245,96.81,96.56,96.5,96.75,96.5,96.31,96.5
246,95,95.12,95.06,94.88,94.75,94.44,94.5
247,95,95.38,95.19,94.81,94.69,94.38,94.5
248,95.94,95.75,95.62,95.88,95.62,94.88,95.88
249,92.06,92,92.12,91.94,91.56,91.12,91.38
250,90.06,90.19,90.25,89.88,89.62,89.44,89.19
251,91.75,92.25,92.06,91.56,91.12,91.06,91.69
252,92.06,92.19,91.81,91.88,91.19,90.56,91.69
253,88.12,88.25,88.06,87.81,87.25,86.94,87.5
254,85.44,85.5,85.25,85.06,83.69,84,84.31
255,84.06,84.31,84.56,83.5,80.31,83.12,84.44
256,77.25,75.56,77.06,76.69,72.56,74.31,76.62
257,72,69.69,71.25,71.44,66.56,69.31,70.81
258,70.62,68.31,68.25,69.75,65.75,70.75,69.25
259,74.69,76.88,76.44,74.38,67.38,73.19,73.62
260,78.12,83.62,82.69,78,74.19,83.81,82.81
261,79.44,83.12,83.25,79.5,75.44,82.25,82.19
262,81.56,85.75,86.25,81.56,79.62,86.25,83.38
263,90.19,91.75,91.69,90.25,89.12,91.5,90.75
264,92,93.44,93.44,92,90.88,92.94,92.31
265,94.38,95.12,95.06,94.38,93.62,94.69,94.81
266,96.12,96.12,96,96.12,95.44,96.06,96.38
267,97.69,97.75,97.62,97.62,97.44,97.62,97.81
268,98.06,98,97.88,98.06,97.94,97.88,98.12
269,97.56,97.19,97.12,97.56,97.44,97.31,97.56
270,96.38,95.69,95.69,96.38,96.38,96,96.38
271,96.94,96.31,96.25,96.94,96.88,96.62,96.94
272,95.31,94.88,94.88,95.31,95.38,95,95.12
273,95.31,94.31,94.31,95.25,95.25,94.38,94.81
274,95.19,94.12,94.44,95.19,95.25,93.88,94.81
275,95.25,95,95.12,95.19,95.06,94.62,94.62
276,95.88,95.75,95.81,95.81,95.88,95.12,95.38
277,96.19,96.19,96.12,96.12,96.06,95.69,95.75
278,97.12,97.19,97.12,97.12,97,96.56,96.94
279,96.88,96.69,96.69,96.88,96.81,96.12,96.62
280,96.88,96.88,96.94,96.81,96.56,96.06,96.62
281,96.69,96.81,96.69,96.69,96.12,95.94,96.62
282,97.19,96.69,96.75,97.19,96.69,96.62,97.19
283,95.5,94.94,95.12,95.44,94.62,94.62,95.31
284,94.5,94.5,94.5,94.38,92.94,93.38,94.44
285,95.75,95.56,95.62,95.69,94,95.19,95.88
286,94.25,93.75,93.88,94.19,93.12,94,94.56
287,90.62,90.44,90.69,90.5,88.62,89.94,90.75
288,91.31,91.56,91.62,91.12,88.81,91.38,91.62
289,92.06,91.38,91.56,92,89.62,92.12,92.56
290,87.81,86.56,86.94,87.69,85.62,87.88,88.81
291,86.19,85.31,85.69,86,83.69,86.31,86.75
292,87.75,87.75,88.06,87.75,86.19,88.62,88.62
293,84.88,84,84.44,84.94,83.44,85.12,85.06
294,86.94,87.19,87.38,87.06,86.06,87.88,87.62
295,92.19,92,92.25,92.19,90.88,92.44,92.31
296,94.38,94.38,94.44,94.44,93.31,94.94,95
297,96.56,96.31,96.25,96.5,95.81,96.69,96.94
298,96.94,96.69,96.56,96.94,96.62,97.31,97.44
299,97.5,97.06,96.94,97.5,97.38,97.75,97.81
300,97.06,96.75,96.62,97.06,97.12,97.31,97.44
301,95.19,95,94.94,95.12,95.44,95.25,95.56
302,92,90.81,90.69,92,92.88,92.38,92.94
303,87.88,86.06,85.62,88,89.31,89.5,89.44
304,79.31,75.75,75.19,79.31,83.06,81.88,83.25
305,81.56,78.38,77.88,81.62,83.62,83.5,84.12
306,90.25,87.5,87.12,90.12,90.06,89.81,90.88
307,90.94,89.44,89.38,91.06,90.75,90.19,91.31
308,92.06,91.06,91.06,92.19,91.69,91.94,92.38
309,95.38,94.69,94.69,95.38,94.69,95.25,95.56
310,94.44,93.94,94,94.5,93.25,94.44,94.62
311,94.88,94.38,94.44,95,94.25,94.06,95.12
312,95.44,94.94,94.94,95.5,95.19,95.5,95.81
313,95.44,94.69,94.75,95.44,94.81,95.38,95.88
314,92.19,92,92.19,92.25,91.5,91.94,93
315,91.88,90.62,90.62,91.94,90.75,92.19,93.12
316,91,90.88,90.94,91.06,88.19,92.94,92.19
317,93.94,93.44,93.31,94,92.44,93.75,93.75
318,93.31,92.38,92.19,93.38,92.44,93.25,93.38
319,91.75,90.69,90.25,91.75,91.62,92.94,92.88
320,88.75,87.88,87.38,88.81,88.81,90.12,91
321,82.69,82.25,81.44,82.69,82.56,85.81,87
322,73.69,72.25,71.12,73.19,74.56,79.81,80.81
323,67.12,65.19,65.06,67,68.69,73.56,74.75
324,63,61,60.91,62.69,65,65.88,66.88
325,63.72,61.41,61.62,63.44,64.69,65.06,67.44
326,62.16,60.28,60.19,61.75,63.34,63.44,65.5
327,68.06,64.88,64.5,67.5,70.44,70.69,71.19
328,75.19,72.56,72.75,74.5,77.56,77.25,75.56
329,81,78.38,78.62,80.25,83,86.69,81.44
330,86.44,85,85.25,86,88.75,89.69,88.25
331,91.88,90.81,90.88,91.56,93.44,93.19,92.44
332,92.44,91.5,91.62,92,94.25,93.81,93.25
333,92.25,91.06,91.25,91.69,92.88,92.38,91.88
334,87.19,85.19,85.44,86.69,87.62,88.06,86.44
335,80.56,80.88,81.31,80.69,81.94,80.44,80.81
336,85.19,84.44,85.19,84.69,87.38,87.19,85.88
337,84.88,83.81,84.62,84.12,87.62,88.81,85.69
338,79.75,80.56,81.69,79.75,83.75,83.38,81.12
339,79.75,81,82,79.94,85.88,85.75,83.31
340,77.56,78.88,79.75,77.38,86,88.31,82.94
341,80,80.69,81.75,79,86.5,88.75,83.69
342,75.44,76.75,77.69,74.88,82.94,84.94,79.94
343,72.69,75.56,76.5,71.19,81.75,86.12,78.12
344,72.75,75.5,75.5,70.56,81.94,87.75,79.44
345,64.94,68.31,67.56,62.53,74,81.31,71.5
346,60.5,64.19,62.72,58.12,67.75,82.5,64.81
347,54.34,58.62,56.69,49.09,59.12,74.44,57.62
348,57.78,59.72,58.16,52.28,59.44,73.44,57.78
349,57.75,59.72,57.44,48.66,56.91,65.12,56.22
350,65.56,66.62,64.75,47.69,52.81,62.75,61.66
351,65.19,66.12,64.56,51.97,61.75,69.12,65
352,68,68.56,67.44,52.5,63.78,70.19,69.06
353,66.94,69.56,69.56,56.16,64.19,67.5,68.25
354,61.28,62.66,61.91,52.19,57.47,57.72,63
355,58.16,59.78,57.75,52,56.31,58.25,60.41
356,57.47,61.12,59.41,53.59,57.75,57.69,61.19
357,54.19,56.25,54.81,51.31,54.53,55.5,58.97
358,53.09,57.19,56.69,51.38,55.59,57.5,57.78
359,50.66,53.91,54.09,49.28,52.56,52.59,53.34
360,53.34,57.03,56.38,53.12,54.06,54.97,56.41
361,54.88,57.25,56.91,54.25,56.31,55.69,56.69
362,54.75,57.25,55.53,54.72,56.44,56.72,57.34
363,63.12,64.75,64.88,64.62,65.06,64.25,64.12
364,75.5,80.94,81.62,78.88,80.25,82.12,74.62
365,78.62,85.94,86.31,83.94,85.75,86.31,78.44
366,84.62,90.38,90.44,88.25,89.94,90.81,84.69
367,86.56,90.19,90.75,88.44,90.12,90.75,84.25
368,88.44,90.94,91.12,89.62,90.44,90.56,86.69
369,90.75,92.69,92.62,91.88,92.62,92.44,89.94
370,92.75,93.38,93.5,92.56,93.38,93.38,91.56
371,93.19,93.62,93.75,93.06,93.62,93.31,91.94
372,95,95,95.06,94.88,95.38,94.88,94.44
373,96.19,95.75,95.62,96.12,96.5,96.06,95.81
374,96,95.88,95.88,96,96.38,96.06,95.69
375,95.75,95.44,95.5,95.56,96.19,95.75,95.56
376,96.5,95.81,96.06,96.19,96.62,96.38,96.31
377,96.81,95.94,96.19,96.56,96.88,96.44,96.69
378,95.31,94.88,95.25,95,95.69,95.69,95.12
379,95.56,94.62,95.25,95,95.38,95.19,95.5
380,95.44,94.38,94.94,94.75,94.94,94.75,95.19
381,94.62,93.5,94,94.19,94.31,94,94.62
382,94.94,94.38,94.69,94.44,94.62,94.12,94.94
383,94.81,93.94,94.19,94.44,94.88,93.56,94.56
384,94.06,93.44,93.81,93.31,93.81,93.12,93.81
385,95.44,94.69,95.19,94.75,95,94.56,95.12
386,96.81,96.25,96.44,96.44,96.75,95.94,96.69
387,95.81,95.75,96,95,95.56,94.94,95.12
388,95.88,95.69,95.75,95.38,96.06,95.19,95.62
389,96.31,96.5,96.38,95.94,96.75,96,96.19
390,96.19,96.25,96.12,95.75,96.69,95.81,96.06
391,95.38,95.62,95.38,94.88,95.88,94.88,95.12
392,94.94,96,95.75,93.88,96,95.31,94.12
393,93.81,94.75,94.62,92,94.88,93.94,92.88
394,91.44,92.25,91.94,89.69,92.69,91,90.62
395,92.31,92.69,92.44,91,93.38,91.75,91.12
396,92.56,94,93.88,90.5,94.06,93,91.25
397,91.94,94.12,93.88,88.62,93.88,92.75,90.06
398,93.12,94.12,94.25,90.94,94.31,93.88,91.44
399,91.5,93,93,88.94,92.75,92.31,89.31
400,92.31,92.25,92,90.31,92.75,92.44,90.75
401,90.75,91.19,91.12,89.12,91.56,91.25,89.75
402,91.31,92.19,92.5,90.31,92.5,92.31,90.25
403,89.12,90.62,90.94,89.12,90.25,90.44,88.19
404,90.38,90.25,90.25,90.56,91,91.19,89.31
405,84.5,85.38,85.12,84.69,84.88,85.25,82.19
406,84.5,84.88,85,84.38,84.94,84.88,82.75
407,87.69,87.56,87.81,87.81,88.25,88.44,86.62
408,88.69,88.38,88.69,88.88,89.25,88.56,86.94
409,93.56,93.12,93.31,93.56,93.5,93.31,92.44
410,95.12,95.12,95.19,94.75,95.44,95.06,94.75
411,96.5,95.94,96.06,96.25,96.81,96,96.31
412,95.25,95.06,95.12,95.12,95.44,94.94,95.31
413,95.69,95.38,95.44,95.62,96,95.44,95.81
414,96.19,95.62,95.81,96.06,96.5,96.06,96.19
415,96.62,96.19,96.25,96.62,96.94,96.56,96.69
416,94.88,94.5,94.56,94.88,95.31,95.38,95
417,93.31,92.75,92.94,93.31,93.94,93.88,93.56
418,94.19,93.62,93.56,94.25,94.81,94.25,94.44
419,94,93.06,93.19,93.94,94.38,93.5,94.19
420,94.75,94.06,94.25,94.75,94.94,94.25,94.88
421,92.69,92.56,92.56,92.62,93.25,91.69,92.88
422,92.69,92.69,92.62,92.75,93.5,91.44,93
423,96.19,95.5,95.56,96.12,96.38,94.94,96.19
424,94.38,94.12,93.88,94.38,94.62,93.62,94.69
425,90.88,91.56,91.06,90.94,91.5,90.25,91.06
426,93.69,93.75,93.38,93.5,94.19,92.38,93.31
427,93.5,93.38,93.19,92.81,93.75,92.5,93.12
428,90.19,90.06,89.69,89.25,90.31,88.75,89.69
429,86.62,87.25,86.81,85.69,87.38,84.19,86.25
430,89.19,89.12,88.75,87.62,89.81,88.38,88.81
431,83.12,83.25,82.88,81.31,83.25,82.5,81.75
432,90.19,89.75,89.56,88.31,90.44,89.44,89.06
433,86.81,86.38,85.94,85.19,87,86.19,85.88
434,90.69,90,89.94,90.19,90.75,90.5,90.62
435,88.19,87.5,87.19,87.94,88.19,87.19,88.31
436,88.12,87.94,87.94,87.88,88.44,88.88,88.19
437,89.56,90.25,90.69,89.88,90.62,90.56,89.25
438,89.25,88.31,88.69,89.25,89.62,90.06,88.25
439,85.5,85.38,85.81,86.06,86.44,87.62,85
440,87.38,87.25,87.56,87.62,88.44,88.62,86.94
441,89.69,89.75,89.88,89.94,90.75,90.75,89.75
442,91.88,91,91.44,91.81,92.38,91.88,91.88
443,93,91.62,92.06,92.94,93.69,93.19,93.31
444,93.31,92,91.81,93.25,93.62,93.5,93.75
445,91.38,91.5,91.44,91.38,91.69,91.5,91.62
446,93.38,93.25,93.31,93.25,93.56,93.75,93.62
447,93.44,92.94,92.88,93.38,93.56,94.19,93.69
448,94.25,93.62,93.62,94.19,94.44,94.88,94.44
449,92.62,92.31,92.31,92.56,92.94,93.44,93
450,92.56,92.12,92.25,92.5,92.81,93.44,93.06
451,92.25,92.25,92.31,92.19,92.75,93.44,92.88
452,91.06,90.19,90.38,90.81,91.44,91,91.5
453,92.81,91.75,91.75,92.62,92.94,94.25,93.12
454,90.56,90.5,90.62,90.38,91,91.19,90.88
455,91.31,91.25,91.31,91.19,92,91.44,91.56
456,93.25,92.44,92.38,93.31,93.69,93.12,93.56
457,92,91.94,91.88,91.94,92.44,92,92.44
458,89.19,90.25,89.75,89.19,89.88,88.81,89.94
459,90,90.12,89.75,90.12,90.69,89.62,90.5
460,90.75,90.69,90,90.69,91.12,90.5,91.06
461,86.31,87,86.69,86.38,87.25,85.56,87
462,83.75,84.38,83.69,83.75,84.81,81.94,83.75
463,84.62,83.56,83.62,84.19,85.06,82.94,84.62
464,78.38,78.81,77.94,78.25,79.38,77.19,78.75
465,72.44,72.5,72.25,72.81,73.62,71.19,72.56
466,67.94,66.19,68.12,67.88,68.38,64.31,66.69
467,58.22,57.5,55.5,57.84,58.03,55.62,58.72
468,55.22,54.53,49.53,55.34,54.75,53.78,54.12
469,63.78,53.44,52.12,56.84,57.81,53.38,50.69
470,64.31,54.47,53.56,57.81,57.34,57.38,51.53
471,67.5,55.78,55.81,61.34,60.62,61.88,56.25
472,70,57.81,57.12,63.09,62.84,61.19,59.22
473,71.25,64.5,63.81,64.69,65.19,65.75,62.47
474,78.19,74.06,74.06,72.25,75.5,74.88,69.44
475,84.44,80,80.12,75.19,81.38,80.25,71.5
476,83.5,77.81,78.69,74.12,79.5,78.75,66.31
477,86.12,79.88,81.5,76.31,82.5,81.19,70.38
478,90.88,86.88,87.31,85.69,88.88,86.56,78.56
479,88.38,85,86.12,83.38,87.56,87.56,81.75
480,91.69,89.81,90.56,88.88,91,91.69,87.81
481,87.38,84.38,84.88,84.19,87.06,88.19,84.06
482,88.62,86.69,87.12,86.69,89.44,90.44,86.88
483,93.06,92.44,92.75,92.25,94.12,95,92.44
484,91.19,90.75,90.81,90.5,92.5,93.81,90.81
485,88.69,89,89.19,88.25,91.94,93,90.12
486,89.88,90.38,90.5,89.56,93.94,94.94,92.19
487,89.38,89.88,90,88.88,93.69,95.12,92.44
488,85.38,85.88,86.56,83.88,90.81,92.31,89.44
489,80.88,83.12,83.56,79.62,90.06,92.12,88.31
490,82,83.25,83.12,80.31,90.88,92.75,90
491,73.5,76.44,76.56,67.5,86.88,89.62,86.38
492,63.09,67.44,67.31,59.06,78.88,83.88,78.31
493,55.97,59.94,60.5,51.59,83.38,87.31,82.62
494,48.19,51.59,51.62,45.62,83.5,85.88,82.5
495,46.22,47.62,48.28,43.97,,,
496,43.69,47.09,48.75,41.88,,,
497,42.09,45.81,46.16,39.28,,,
498,41.31,43.53,43.59,39.56,,,
499,40.56,41.44,41.59,39.31,,,
500,44.56,41.59,41.84,43.28,84.44,85.94,82.94
501,49.78,47.59,47.5,47.91,87.69,89.5,87
502,63.97,59.28,58.09,62.47,87.88,88.94,87.31
503,75.31,71.88,70.31,74.69,87.81,89,88.06
504,85.06,85.25,84.38,84.5,90.31,91.75,90.75
505,92.19,92.5,92.12,91.81,94.31,94.94,94.81
506,94.75,94.88,94.81,94.31,96.69,96.88,96.75
507,97.19,97,96.94,96.94,97.75,97.69,97.56
508,98.25,98.12,98.12,98.06,98.44,98.38,98.19
509,98.12,98,98,97.94,98.12,97.94,97.62
510,97.69,97.5,97.69,97.12,97.44,97.31,96.69
511,95.62,95.5,95.62,94.88,95.31,94.94,93.75
512,96.31,96,96.12,95.56,95.88,95.44,94.31
513,96.44,96.31,96.5,95.94,96.12,95.94,95.62
514,96.06,95.38,95.75,94.62,95.56,95.31,94.12
515,96.62,96.12,96.38,95.31,96,96.06,94.56
516,97.56,97.5,97.56,97.06,97.25,97.31,96.75
517,97,97.06,97.19,96.38,96.88,96.81,96.25
518,96.06,95.5,95.81,94.06,95.31,95.69,93.88
519,97.06,97,97.06,96.44,96.88,97.06,96.06
520,97.38,97.38,97.25,97.06,97.31,97.38,97
521,95.88,95.88,95.75,95.38,95.75,95.88,95.12
522,93.81,93.31,93.31,93,94.19,94.62,92.5
523,94.69,94.56,94.38,94.5,95.38,95.69,94.19
524,94.31,94.38,94.19,94.31,94.75,94.75,93.94
525,91.88,92.06,91.69,92,92.81,92.56,91.5
526,89.31,90.12,89.88,89.38,90.94,91.44,89.5
527,88.88,89.31,88.94,89,90.38,90.69,89.5
528,90.06,90.19,89.81,89.94,91,91.31,90.12
529,88.56,88,87.56,88.69,89.62,88.19,88.62
530,83,84.12,82,83.06,85.12,81.69,83.06
531,81.31,81.44,79.25,81.19,83.25,81.62,81.5
532,83.75,85.12,82.88,84.25,86.44,87.25,85.19
533,81.88,83.94,82.88,81.38,83.81,83.94,83.69
534,81.12,82.44,81.5,80.94,82.44,84,83.62
535,87.25,88.62,88.38,87.31,88.25,88.94,88.94
536,92.12,93.12,92.94,92.06,92.75,92.5,93
537,96.12,96.19,96.12,96,96.19,95.88,96.12
538,96.81,96.69,96.69,96.75,96.69,96.38,96.69
539,97.44,97.62,97.62,97.44,97.25,97.38,97.31
540,97.62,97.38,97.38,97.56,97.31,97.25,97.5
541,95.31,95,95.31,95.19,94.25,94.56,95.06
542,90.12,88.62,89.31,89.94,83.38,89.25,89.69
543,84.94,83,83.69,84.38,83.56,83.62,83.69
544,91.75,90.81,91.38,91.75,90.75,90.25,91.38
545,89.5,90.19,90.44,89.5,89.06,88.94,89.38
546,91.19,90,90.56,91.06,90.38,90.69,91.25
547,92,92.12,92.38,91.88,91.69,91.69,92.5
548,94.44,94,94.31,94.38,94.06,93.81,94.44
549,95.06,94.44,94.5,94.88,94.62,95,95.56
550,93.69,93.31,93.25,93.5,93.25,93.31,93.81
551,93.19,93.12,93.19,93.12,93.06,93.06,93.38
552,94.12,93.75,93.69,94,93.81,94,94.25
553,91.5,91.38,91.31,91.31,91.12,91.62,91.62
554,89.25,89.19,89.06,89.06,88.94,88.62,88.62
555,89.19,89.38,89.38,89.06,89.25,90.12,86.75
556,83.31,83.25,83,83.19,82.31,83.56,82
557,78.12,77.69,78.25,77.94,77.88,79.81,79.12
558,75,74.12,75,74.69,76.31,77.31,77.94
559,77.12,78.44,78.88,76.69,79,82.44,82.25
560,87.75,88.5,88.5,87.19,89.31,90.88,90.5
561,92.44,93.12,93,92.19,93.69,93.75,93.81
562,95.88,95.88,95.81,95.56,96.56,96.75,96.62
563,97.44,97.44,97.38,97.31,97.62,97.75,97.62
564,98.31,98.38,98.38,98.25,98.31,98.31,98.25
565,98.06,98.12,98.19,97.94,98.06,98.06,98
566,96.62,96.75,96.81,96.38,96.5,96.31,96.12
567,94.12,93.75,93.94,93.94,93.94,93.94,93.88
568,94.94,95.12,95.25,94.75,94.44,94.5,94.69
569,95.38,95,95,95.25,95.12,94.81,95.19
570,94.19,92.94,92.94,94,93.94,93.69,93.94
571,94.88,94.06,94.06,94.81,94.44,94.19,94.5
572,94.44,94.06,94.06,94.31,93.94,94,93.81
573,92.62,91.94,91.94,92.56,92.25,91.94,92.25
574,91.56,91.38,91.19,91.5,91.06,91.5,91.06
575,85.5,85.38,85.12,85.44,85.25,85.88,86.06
576,89.19,88.81,88.62,89.12,89.38,91.25,90.69
577,89.56,88.69,88.56,89.44,90.12,91.5,91.25
578,92.06,91.94,91.88,91.94,93.44,94.12,94
579,90.12,90.44,90.44,89.81,93,94,93.75
580,92.69,92.25,92.19,92.38,95.69,95.88,95.75
581,96.12,95.5,95.5,95.81,97.19,97,96.88
582,96.88,96.5,96.62,96.56,97.56,97.5,96.94
583,96.69,96.25,96.38,96.25,96.75,96.44,95.69
584,96,95.12,95.5,95.06,95.44,94.75,93.81
585,95.5,94,94.38,94.56,94.88,93.25,92
586,94.31,92.62,92.94,93.12,93.38,92.44,91
587,93.69,92.56,92.94,92.31,92.88,92.5,90.44
588,92.38,91.06,91.62,90.88,91.38,92.31,90
589,89.81,88.5,89.12,88.69,89.19,90.25,87.75
590,87.88,86.38,86.81,87,87.69,89.06,87.5
591,91.44,89.81,90.12,90.69,91.06,91.44,91.5
592,91,90.5,90.5,90.5,91.69,91.62,91.12
593,85.62,84.06,84.94,85,86.38,85.31,85.25
594,80.69,79.56,80.69,80.06,81.81,79.38,80.31
595,76.19,75.62,77.06,75.75,76.69,76.69,76.69
596,79.38,77.94,78.81,78.75,79.69,79.25,78.38
597,81.06,79.44,79.75,80.94,81.12,80.62,79.94
598,84.31,82.69,82.69,83.94,84.44,84.69,84.56
599,84.81,83.38,84,84,85.31,85.62,83.19
600,84.94,83.62,84.25,83.88,84.94,86.06,85.12
601,85.94,84.88,85.81,84.19,85.56,86.81,84.62
602,88.19,86.88,87.31,85.75,87.19,88.75,85.12
603,92.31,90.25,90.56,89.81,91,91,89
604,91.5,90.38,90.5,89.81,90.75,90.44,88.62
605,93.31,92.56,92.75,92.25,92.5,91.94,91.25
606,95.38,94.38,94.44,94.62,94.88,94.5,93
607,94.81,93.88,93.94,94.38,94.88,94.06,93.44
608,94.88,94.19,94.12,94.62,95.12,94,94.06
609,93.38,92.75,92.69,93.12,93.81,92.94,92.25
610,94.25,93.31,93.38,94,94.69,93.56,93.31
611,95,94.06,94.06,94.69,95.19,93.56,93.12
612,91.44,90.88,90.88,91.19,91.62,90.38,89.81
613,92.25,91.56,91.56,92.12,92.56,92.25,92.06
614,94.12,93.25,93.25,94.06,94.38,93.44,93.69
615,91.38,90.44,90.44,91.31,91.94,90.88,90.88
616,88.31,87.38,87.5,88.19,88.75,88.69,88.75
617,91.44,90.75,90.69,91.31,91.81,92.25,91.94
618,88.62,87.94,88.19,88.62,89.38,90.75,90.44
619,72.88,71.31,72,72.75,74.5,80.25,80.38
620,65.5,62.44,62.81,65.31,66.5,69.81,70.56
621,58.78,59.12,59.25,59.38,60.06,63.84,65.69
622,55.22,54.91,54.72,52.47,56.5,59.5,60
623,60.69,58.97,59.97,59.66,63.12,63.34,63.56
624,73.12,72.06,71.5,71.88,79.88,81.88,80.12
625,86.5,86.81,86.88,86.19,90.06,91,89.62
626,89.12,89.38,89.5,88.75,93.25,93.25,92.56
627,93.38,92.75,92.94,93.06,95.31,94.88,94
628,94.75,94.19,94.31,94.25,96.25,96,95.44
629,94.38,93.69,93.94,93.75,94.56,94.44,93.69
630,92.94,91.81,92.06,91.94,92.5,92.62,91.44
631,90.75,90.31,90.62,90,90,90.12,89.06
632,85.81,86,86.44,85.5,85.62,84.69,85.5
633,86.56,87.5,87.69,86.38,87,86.88,86.94
634,80.75,82.12,82.44,80.19,80.31,80.75,81.31
635,83.44,83.62,84.06,82.38,82.62,83.62,82.06
636,90.5,90.06,90.38,89.81,90,89.94,89.38
637,90.56,90.38,90.38,89.56,89.94,89.31,89.62
638,87.94,86.81,87.06,86.25,86.38,85.88,86.44
639,92.12,90.88,91.06,90.81,91.06,91.19,89.94
640,92.38,91.38,91.5,91.81,91.06,90,89.5
641,93.06,92.38,92.44,92.69,93.06,91.31,91.5
642,91.56,91.19,91.12,91.31,91.69,91,89.62
643,91.12,90.12,90.06,90.75,91.06,90.62,87.44
644,91.88,91.06,91.06,91.69,91.69,91.31,89.75
645,94.38,94,94.12,94.19,94.38,94.12,93.44
646,94.44,93.44,93.75,94.19,94.25,93.88,93.56
647,95.69,94.88,95.12,95.5,95.56,94.81,95.12
648,95.44,94.69,94.94,95.25,95.31,94.31,95.06
649,94.06,93.56,93.81,93.88,93.94,93.69,93.88
650,94.69,94.06,94.25,94.38,94.5,94.19,94.25
651,93.5,93.38,93.44,93.31,93.5,93,93.25
652,96.38,96.19,96.19,96.25,96.38,95.44,96.19
653,94.75,95.25,95.19,94.62,94.75,93.75,94.62
654,95.25,94.94,95,95.12,95.06,94.31,94.81
655,96.69,96.56,96.62,96.69,96.62,95.69,96.31
656,96.62,96.25,96.38,96.56,96.56,95.75,96.44
657,95.12,95.19,95.19,95.12,95.12,94.62,94.88
658,94,93.94,94,93.88,93.75,93,93.25
659,95,94.62,94.81,95,94.69,93.56,94.62
660,92.88,93,93.12,92.88,92.38,91.5,92.25
661,90.69,90.44,90.5,90.62,90.06,89.62,89.75
662,90.06,89.69,89.62,89.94,89.12,88.69,89.12
663,90.38,89.62,90.12,90.38,89.81,89.88,90.19
664,87.56,87.62,88.19,87.62,86.31,86.69,87.69
665,85.94,84.94,85.81,85.88,83.88,84.56,85.81
666,88.31,88.44,88.94,88.44,86.94,87.88,87.44
667,89.69,89.69,90.56,89.81,88.06,89.69,89.81
668,93.56,93.38,93.88,93.56,93.06,93.5,93.44
669,91.31,92.31,92.56,91.31,91.19,91.75,91.44
670,93.69,93.88,93.94,93.56,92.12,92.75,93.44
671,95,94.88,95.38,95.06,94.12,94.69,94.94
672,96.25,95.94,96.38,96.12,95.69,95.56,95.5
673,94,94,94.69,94.06,93.69,93.25,93.75
674,93.75,93,93.38,93.81,93.62,92.94,93.75
675,96.12,95.44,95.69,96.06,96.25,95.62,96.06
676,96,94.81,95.06,95.94,95.81,95.06,95.62
677,95.44,94.62,94.88,95.44,95.44,95,94.94
678,96.38,96.38,96.56,96.38,96.12,95.94,96
679,96.06,95.81,96.19,95.81,96,96.19,95.62
680,92.69,91.88,92.62,92.25,93.12,92.06,92.25
681,89.44,89.81,90.06,88.94,89.88,87.69,89.12
682,86.25,86.12,87.06,86.25,88.12,84.94,86.06
683,91.12,90.5,91.44,90.81,91.81,90.5,90.62
684,92.75,92.38,93.06,92.75,93.19,92.31,92.69
685,88.19,86.94,88.75,88.25,88.69,86.75,87.81
686,88.38,87.38,88.81,88.06,89.06,87.38,87.62
687,92.81,92.25,93.12,92.88,93.19,92.44,92.75
688,92.62,91.5,92.62,92.75,92.62,91.88,92.44
689,88.62,87.75,89.19,88.75,88.69,87.56,88
690,92.44,90.25,91.19,92.56,93,92.06,92.25
691,94.12,93.88,94.06,94.44,94.75,93.69,94.25
692,89.06,88.19,89.25,89.62,89.62,89,88.88
693,88.56,87.94,88.69,89.31,89.44,88.81,87.62
694,92.81,92.56,92.38,93.31,93.31,92.5,92.56
695,90.81,91.12,90.94,91.19,91.38,90.25,91.06
696,93.69,94,93.81,93.88,94.19,93.75,94
697,90.94,90.5,90.94,91.06,91.25,90.44,91.19
698,84.62,84.75,86.12,84.81,84.56,85.5,84.75
699,77.12,76.5,78.62,77.75,76.06,78.5,77.38
700,76.81,76.19,79.44,77.06,75.69,77.38,76.75
701,86.94,85.25,87.19,87.19,85.94,86,87.06
702,86.62,86.88,87.75,86.81,87,86.12,86.88
703,91.25,91.5,91.69,91.25,91.31,91.19,91.31
704,90.31,91.44,91.19,90.19,91,90.38,90.75
705,89.81,91.12,90.75,89.88,90.56,89.62,90.25
706,92.06,93.06,92.62,92,92.75,92.69,92.5
707,92.25,93.12,92.81,92.12,92.94,92.94,92.38
708,90.94,90.62,90.38,90.81,91,91,90.62
709,91.88,91.88,91.69,91.75,92.12,91.88,91.62
710,93.69,93.69,93.56,93.62,94,93.88,93.56
711,90.81,90.12,90,90.62,90.81,90.94,90.25
712,89.56,88.56,88.44,89.31,89.5,89.06,89
713,93.19,92.62,92.44,93,93.12,93,92.31
714,92,91.06,91,91.75,91.56,91.88,91.12
715,95.19,94.69,94.69,95.06,94.94,94.94,94.69
716,94.44,94.31,94.25,94.38,94.31,94.12,94.06
717,96.38,96.31,96.25,96.38,96.31,96,96.31
718,95.38,95.19,95.12,95.5,95.06,95,95.12
719,96.69,97.19,97.12,96.69,96.62,96.88,96.56
720,97.12,97.56,97.5,97.06,97.19,97.38,97.12
721,96.81,97.19,97,96.81,96.94,97.19,96.94
722,97.62,98.06,98.06,97.56,97.62,97.88,97.69
723,98.12,98.38,98.31,98.06,98.06,98.19,98.12
724,97.31,97.81,97.44,97.25,97.38,97.5,97.44
725,97.62,98,97.81,97.62,97.75,98,97.75
726,97.19,97.81,97.69,97.06,97.25,97.62,97.31
727,96.75,97.19,97,96.62,96.88,96.94,96.81
728,95.88,96.62,96.19,95.81,96.06,95.94,95.88
729,97.12,97.44,97.25,97.06,97.31,97.12,97.19
730,95.62,95.69,95.69,95.5,95.94,94.88,95.88
731,96.44,96.12,96.19,96.31,96.5,96.56,96.81
732,96.62,96.69,96.88,96.5,96.69,96.69,96.88
733,95.75,95.62,95.94,95.62,95.69,95.38,96
734,96.56,96.44,96.69,96.5,96.62,96.69,96.94
735,97.44,97.44,97.62,97.38,97.44,97.69,97.62
736,96.44,96.5,96.62,96.44,96.44,96.38,96.56
737,96.06,96.06,96.44,95.94,96.19,95.94,96.25
738,97.62,97.69,97.75,97.44,97.62,97.81,97.75
739,97.75,97.94,98.06,97.62,97.75,97.88,97.75
740,96.31,96.44,96.69,96.19,96.31,96.31,96.25
741,96.62,97,97.12,96.31,96.62,96.88,96.56
742,95.31,95.75,95.88,95.06,95.5,95.69,95.25
743,92.62,92.44,92.5,92.25,92.69,93.25,92
744,93.31,92.62,92.44,92.56,93.06,92.75,91.38
745,93.81,93.56,93.62,92.25,93.88,93.38,92.5
746,93.75,94,94.19,91.81,93.88,94.19,93.19
747,93.62,93.06,93.69,91.56,93.69,94.12,93.12
748,95.94,95.94,96.12,93.69,96.19,96.12,95.25
749,93.5,94.62,94.75,88.62,94.06,94.38,91.69
750,92.88,95.19,95.31,82.94,94.19,94.81,90.5
751,90.88,90.75,90.88,74.5,90.56,89.75,85.62
752,87.75,87.31,87.31,70.75,87.5,85.81,78.12
753,83.88,84.38,83.69,64.75,82.81,80.31,71.81
754,80.56,76.81,75.94,63.78,78.19,75.06,68.75
755,85.19,79,79.56,65.81,80.06,80.19,73
756,85.88,80.94,82.12,67.19,81.69,85,76.19
757,81.75,74.38,75.75,66.38,76.69,80.62,72.38
758,77.44,71.88,72.88,66.75,74.38,76.69,70.06
759,77,73.75,74.06,67.75,72.5,77.38,70.69
760,81.5,78.94,79.5,75.25,79.81,82.75,77.69
761,79.56,77.19,77.31,73.88,77.62,79.94,75.12
762,76.44,77.31,77.75,74.06,76.5,78.12,72.69
763,82.38,83.75,84.12,80.19,83.88,84.69,78.88
764,86.94,89.06,89.44,84.25,88.75,88.81,82.88
765,84.31,90.5,90.94,86.94,90,91.12,82
766,86.06,89.31,89.88,86.88,89,89.5,83.69
767,90.69,91.94,92,88.69,91.88,91.94,88
768,91.88,94.31,94.5,90.62,94.5,94.19,89.88
769,89.62,92.56,92.81,90,92.5,92.62,87.94
770,92.12,93.12,93.25,91.94,93.44,93.25,91
771,94.12,95.25,95.38,93.38,95.62,95.56,93.31
772,93.62,95,95,93.38,95.31,95.19,92.62
773,93,94.12,94.31,93.31,94.62,93.81,92.25
774,95.62,95.5,95.69,95.38,96.19,95.88,95.19
775,96.19,96.44,96.5,95.94,96.75,96.75,95.81
776,94.81,95.5,95.56,95.06,96,95.88,94.75
777,95.31,95.19,95.31,95.44,95.94,95.44,95.44
778,95.56,95.38,95.5,95.38,95.88,95.81,95.62
779,95.25,94.69,94.75,95.31,95.81,95.38,95.5
780,93.06,92.38,92.44,93.25,93.75,93.38,93.56
781,89.5,88.38,88.44,89.94,90.75,89.38,90.44
782,92.88,91.75,90.88,93.25,93.56,92.62,93.69
783,95,93.94,93.5,95.25,95.75,94.25,95.69
784,96.5,96.38,96.31,96.56,96.81,96.81,96.69
785,97.12,97.56,97.56,96.94,97.31,97.56,97.19
786,97.31,97.5,97.56,97.19,97.5,97.75,97.44
787,97.06,97,97.06,97.06,97.25,97.44,97.44
788,96.88,96.94,97,96.56,97.12,97.19,97.06
789,96.44,96.75,96.88,96.25,96.56,97.06,96.75
790,95.88,95.56,95.88,95.56,95.94,96.19,96.06
791,95.25,94.5,94.88,95,95.44,95.44,95.62
792,95.19,94.56,95.12,94.75,95.31,95.06,95.12
793,93.19,92.5,92.81,93.06,93.12,92.94,93.38
794,90.44,90,90.56,90.06,90.44,90.25,90.31
795,90.12,89.62,90.19,89.75,90.25,89.5,89.94
796,89.81,89.44,89.75,89.44,89.75,88.94,89.19
797,84.31,85.75,86.31,84.06,84.44,84.31,84.44
798,82.5,82.25,83.38,82.19,82.62,81.62,82.5
799,78.69,79.12,80.25,78.06,78.5,77.75,78.62
800,73.44,73.5,75.56,72.62,74,71.38,74.19
801,59.16,59.84,63.25,58.34,62.31,58.09,58.12
802,57.44,54.47,57.78,56.84,58.69,54.31,57.47
803,61.56,59.72,60.94,60.34,62.66,57.94,59.81
804,68.81,67,69.31,68.44,70.25,62.38,66.88
805,76.81,76.31,77.75,76.81,77.38,69.62,74.19
806,83,82.81,83.19,82.88,82.81,77.81,79.56
807,88.06,88.25,88.31,87.88,87.81,85.88,86
808,92,91.31,91.06,91.81,91.75,90.75,90.69
809,94.5,94.06,93.69,94.19,94.38,93.94,93.69
810,92.06,90.62,90.62,91.5,91.75,91.56,91.44
811,92.31,91.5,91.31,91.31,92.19,92.5,91.88
812,93.19,92.19,92.31,91.31,92.81,92.88,91.81
813,94.12,93,93.06,92.5,93.62,93.5,93.06
814,93.38,93,93.06,92.56,93.31,92.88,93.12
815,94.69,94.38,94.5,94,94.75,94.25,94.31
816,95.31,95,95.19,94.19,95.38,95,94.31
817,94.94,94.69,95.06,94.12,94.94,94.06,94.25
818,93.44,93.56,94.06,93.38,93.69,92.69,93.25
819,94.25,94.56,94.88,93.81,94.38,93.38,93.81
820,94.94,95.5,95.75,94.62,95.06,94.56,94.56
821,92.94,93.69,94,92.81,93.12,91.94,92.62
822,91.38,91.44,91.94,91.38,91.56,89.62,90.31
823,92.75,93.12,93.38,92.81,92.81,92,92.31
824,93.31,94.06,94.25,93.25,93.31,93.06,93.06
825,91.5,92.06,92.25,91.44,91.56,91.31,91.25
826,90.88,90.94,91.12,90.88,90.62,90.38,90.62
827,92.62,92.94,93.06,92.56,92.5,92.38,92.25
828,92.31,92.81,92.94,92.25,92.44,92.38,92.62
829,90.44,90.5,90.69,90.38,90.31,90.25,90.38
830,91.06,90.19,90.31,90.81,90.44,90.81,90.12
831,94.94,94.81,94.88,94.69,94.69,94.88,94.31
832,94.19,93.5,93.94,94.12,94.12,93.62,93.94
833,91.12,89.81,89.62,90.88,90.5,90.81,90.38
834,91.5,91.12,90.94,91.06,91.06,91.94,90.06
835,94.62,94.19,93.81,94.31,94.44,94.62,93.81
836,91.31,90.88,90.69,90.94,91.5,91.44,90.94
837,85.06,84.69,84.31,84.5,84.94,86.31,83.81
838,87.12,86.06,85.5,86.56,87.06,87.75,86
839,89.38,89.12,88.75,89.06,89.5,89.19,89.12
840,93.5,93.25,93,93.31,93.5,93.44,93.06
841,94.75,93.88,94,94.44,94.5,94.5,94.44
842,92.69,92.31,92.62,92.38,92.69,92.44,92.62
843,88.75,88,88.88,88.5,88.62,88.38,89.06
844,87.25,87.44,89.12,86.94,87.12,86.44,87.44
845,86,87.12,87.44,85.69,85.94,86.25,86.5
846,87.56,88.31,87.94,87.5,87.31,85.69,88
847,91.88,92,91.75,91.62,92.19,91.44,92.19
848,92.44,92.25,92.62,92.19,92.44,91.62,92.62
849,92.19,91.75,92.19,91.94,92.12,91.38,92.5
850,90.06,91.12,91.69,89.88,90.06,89.44,90.56
851,91.25,91.56,92,91.06,91.38,90.94,91.56
852,94.12,94.12,94.5,93.94,94.19,93.94,94.38
853,93.75,94,94.25,93.62,93.94,93.69,94.44
854,92,92.12,92.19,91.88,92.31,91.75,92.62
855,93.25,93.81,93.62,93.19,93.5,93.62,94.31
856,92.62,92.94,92.81,92.38,92.81,92.94,93.56
857,90.94,91.75,91.88,90.69,91.62,91.62,92.06
858,93.25,94.06,93.94,93.12,94.19,94.25,94.56
859,95.12,95.38,95.25,95.12,95.69,95.88,96.06
860,95.12,95.88,95.88,95.06,95.94,96.12,96.19
861,95.75,96.44,96.44,95.69,96.19,96.38,96.5
862,96.94,97.31,97.31,96.88,97.06,97.44,97.38
863,97.12,97.5,97.5,97.12,97.44,97.44,97.5
864,97.62,98.06,97.94,97.62,97.88,98,97.94
865,97.75,98.25,98.12,97.69,97.88,98,97.88
866,98,98.38,98.31,98,98.12,98.12,98.12
867,97.88,98.25,98.19,97.88,98,98.06,97.81
868,96.19,96.94,96.88,96.19,96.31,96.5,96.25
869,96,96.75,96.69,95.94,96.19,96.44,96.12
870,95.94,96.25,96.31,96,96.19,95.62,95.94
871,95.12,94.94,95.12,95.25,95.31,94.5,94.75
872,92.5,91.88,92.12,92.81,92.88,91.19,92
873,93.12,93.38,93.88,93.19,93.38,92,92.44
874,95.44,95.19,95.88,95.38,95.62,94.19,94.19
875,94.38,93.94,94.56,94.25,94.69,93.75,93.5
876,94.56,94.69,95.44,94.5,95.06,93.75,93.81
877,92.06,92.19,92.56,92.19,92.62,91.38,91.75
878,84.56,84.06,84.25,84.5,85.5,84.44,85.19
879,73.88,75.56,75.62,73.88,75.31,74.62,73.25
880,69.19,70.38,70.38,69.12,69.94,68.38,70.31
881,70.56,72.38,72.12,70.81,71.06,72.38,73.88
882,78.38,77.75,77.38,78.5,78.81,76.75,79.88
883,86.81,84.44,85.06,86.81,87,84.62,86.81
884,90.75,90.06,90.81,90.56,91.38,89.94,90
885,91.19,90.06,91.5,91.25,91.69,89.38,89.69
886,89.94,89.5,90.56,90,90.38,88.19,88.31
887,84.69,82.81,85.81,85.62,85.31,81.56,81.31
888,81.94,79.88,83.81,82,82.44,76.88,76.94
889,75.56,72.44,79.31,75.12,74.88,75.19,73.38
890,74.62,73.06,75.31,74.38,73.5,70.88,74
891,80.88,79.88,81.75,80.38,81.06,77.44,80.19
892,87.12,86.81,87.69,86.44,87,86.56,86.38
893,89,89.31,89.69,88.94,89.94,88,87.94
894,91.5,92.69,92.88,90.94,92.25,92.19,90.69
895,92.19,93.75,93.75,90.5,93.12,92.38,90.94
896,92.06,94.25,94.06,89.75,93.56,93,90.94
897,91.75,94,94.06,88.62,92.69,93.56,90.5
898,94.81,95.81,95.94,93.69,95.44,95.5,94.31
899,95,95.38,95.44,94.94,95.81,95.38,94.81
900,94.25,94.31,94.31,94.62,95.19,94.25,94.06
901,91.25,91.81,91.19,91.94,92.69,92.5,89.88
902,90.25,92.06,91.94,91.06,92.44,92.06,88.69
903,91.25,93.94,93.69,91.94,93.94,93.06,89.12
904,92.19,92.44,92.12,91.81,93.25,92.06,90.5
905,90.81,91.38,90.88,91,92.31,91.56,89.44
906,89.75,90.12,89.69,89.75,91.06,90.31,89.19
907,89.12,89.38,89.12,89.62,90.75,89.19,88.56
908,86.88,87.75,87.19,87.62,88.38,87.38,86.5
909,87.81,88.44,87.88,88.81,90.19,88.44,86.88
910,89.12,89.44,88.94,89.81,91.12,88.62,88
911,89.5,89.38,89,90.31,91.12,88.94,88.5
912,87.94,87.69,87.69,88.62,89.62,85.62,87.38
913,88.12,87.12,87.56,88.5,89.75,86.38,87.38
914,91.44,90,90.44,91.81,92.62,89.75,91.56
915,89.69,89.06,89.88,90.38,91.88,88.56,90.62
916,94.38,94.81,95,94.56,95,94.06,94.69
917,94.12,94.38,94.56,94.25,94.56,93.5,94.25
918,96.56,96.75,96.88,96.62,96.88,96.44,96.44
919,96.56,96.75,96.94,96.56,96.75,96.31,96.31
920,97.44,97.75,97.81,97.38,97.56,97.25,97.19
921,95,95.06,95.44,94.81,95.38,94.38,94.69
922,91.5,93,93.12,91.12,91.69,92.06,92
923,86.94,89,89.06,86,87.44,87.31,87.81
924,82.56,85.31,85.19,80.81,83.19,84.31,83.88
925,80.75,83.25,83.5,79.56,81.06,82.38,81.56
926,84.88,85.44,86,82.56,85.69,85.38,84.81
927,89.31,90.19,90.56,88,90.12,89.88,87.88
928,93.12,93.75,93.94,92.31,93.31,93.62,92.69
929,93.69,94.81,94.81,92.12,94.12,94.38,93.12
930,96.38,97,97.06,95.94,96.69,97,96.31
931,96.88,97.31,97.38,96.75,97.06,96.81,96.75
932,97.62,98,98,97.62,97.81,97.88,97.69
933,97.44,97.62,97.69,97.44,97.69,97.31,97.56
934,97.38,97.75,97.75,97.38,97.62,97.62,97.44
935,97.12,97.5,97.56,97.19,97.44,97.31,97.31
936,96.88,97.44,97.5,96.94,97.12,97.06,97
937,97.5,97.94,97.94,97.5,97.69,97.62,97.44
938,97.69,98.06,98.06,97.69,97.81,97.94,97.69
939,97.12,97.5,97.62,97.12,97.25,97.56,97.06
940,95.69,96.06,96.19,95.69,95.69,96.25,95.69
941,95.31,96.12,96.06,95.38,95.38,96.31,95.69
942,96.12,96.56,96.5,96.12,96.25,96.75,96.12
943,93.38,93.44,93.62,93.56,93.31,94.25,93
944,87.75,88.44,88.62,88.12,87.62,89.56,86.94
945,82.62,82.56,82.62,82.88,81.75,84.06,81.06
946,79.81,82.38,82.06,80.06,79.19,80.56,76.94
947,72,74.44,73.88,72.5,71.62,73,70.62
948,75.5,73.44,72.31,75.69,73.25,76.06,73.19
949,68.94,65.12,63.22,68.94,60.12,72.06,63.19
950,68.75,65.25,59.81,68.69,55.75,73.44,57.5
951,65.94,61.88,54.34,66,49.41,67.56,52.97
952,63.06,59.16,54.03,64.38,46.78,71.56,51.62
953,73.31,67.75,56.91,73.94,48.16,75.88,54.94
954,73.31,64.81,50.84,73.62,44.91,75.44,50.62
955,66.19,59.03,45.88,66.25,42.94,65.62,47.34
956,55.69,53.78,43.06,55.69,40.88,56.28,44.16
957,50.09,46.41,40.31,50.22,40.06,48.56,42.47
958,45.28,42.81,38.56,45.03,38.75,44.75,40.78
959,41.03,38.34,37.19,40.84,39.16,39.97,40.28
960,40.88,41.25,41.19,41.12,39.56,40.38,40.34
961,43.47,43.41,43.69,43.53,43.34,40.75,43.34
962,53.25,54.09,54.41,53.16,53.47,52,53.78
963,65.88,67.06,67.62,66.19,66.12,66.06,67.06
964,83.81,84.12,84.75,83.88,83.25,83.25,83.81
965,88.69,87.75,86.5,88.75,84.12,88.56,85.44
966,89.69,87.88,87.19,89.81,85.81,89.62,86.94
967,90.56,89.06,88.44,90.56,87.5,91.56,88.56
968,89.19,86.06,86.94,89.38,86.25,89.69,86.5
969,89.12,87.75,88.31,89.19,87.31,90.25,87.19
970,86.25,84.62,86.19,86.06,84,86.12,83.38
971,77.12,77.94,79.94,77.25,76.94,79.31,75.06
972,83.06,82.5,85.25,83.5,84.44,84.81,78
973,91.31,89.75,91.06,91.38,90.94,91.62,89.81
974,90.69,89.44,90.38,90.62,89.69,91.31,89.31
975,92.88,92.62,92.69,92.94,91.69,93.5,92
976,93.31,93.62,93.06,93.38,91.62,92.88,92.06
977,91,91.88,91.88,91.06,90.31,90.94,90.62
978,89.06,89.94,89.88,89.12,88.5,87.75,88.06
979,87.19,87.44,87.19,87.38,85.38,86.38,85.44
980,86.06,86.62,86.69,86.25,85,85.56,83.88
981,89.81,90.25,90.31,89.94,89.44,89.94,88.94
982,90.88,90.5,90.06,90.94,89.31,91,89.12
983,88.56,87.5,87.12,88.56,86.69,87.81,85.88
984,89.62,89.69,89.19,89.75,88,88.69,86.94
985,92.06,92.06,92.06,92.12,91.56,91.12,90.31
986,89.88,89,88.5,89.88,88,89.12,87.56
987,87.56,86.81,86.38,87.44,86.12,86.19,85
988,90.88,90.94,90.62,90.88,90.5,89.62,89.44
989,91.12,91.69,91.5,91.19,91,90.94,90.5
990,86.06,86.69,86,86,84.81,84.88,84.81
991,86.88,87.81,86.31,86.62,86.56,84.31,85.31
992,91.94,92.88,92.19,91.94,92.06,90.56,91.25
993,90.69,91.44,90.69,90.62,90.56,89.5,90.19
994,85.19,87.31,86.25,84.88,85.12,84.25,84.19
995,87.12,90.12,88.44,87.06,88,86.25,86.56
996,90.44,92.44,91.25,90.44,91,90.69,90.62
997,86.5,89,88,86.38,87.25,86.31,86.81
998,86.38,89.06,87.88,86.25,87,86.25,86.56
999,88.94,91.56,90.5,88.88,89.88,90,89
1000,89.12,90.81,90.06,89,90.06,90.06,89.44
1001,85.94,88.25,87.94,85.69,87.06,86.06,86.88
1002,87.69,88.88,88.62,87.5,88.44,87.56,88.06
1003,88.12,88.88,88.62,88,88.88,88.94,88.38
1004,85.56,85.69,86.12,85.38,86.25,86.31,85.56
1005,86.56,86,87.19,86.38,87.44,87.12,86.88
1006,83.5,82.81,85.31,83.06,84.44,84.25,83.38
1007,84.19,82.81,86.25,84,85.31,83.75,84.69
1008,83.06,83.25,84.19,83.06,85.06,84.94,84.62
1009,86.88,84.81,87.19,86.75,87.88,87.19,86.94
1010,82.19,80,84.31,82.12,82.75,83.88,81.25
1011,71.75,65.38,76.25,71.94,73.88,75.94,69.88
1012,69.12,65.88,69.06,68.88,71.62,71.44,68.38
1013,69.94,67.44,74,69.81,75.25,73.5,72.25
1014,70.75,64.88,71.44,70.5,74.88,65.25,71.06
1015,70,65.88,73.56,69.81,73.38,62.78,69.94
1016,74.31,72.19,78.44,74.25,78.12,65.94,75.5
1017,79.69,79.75,82.31,79.62,81.81,76.38,79.94
1018,81.25,82.94,83.44,81.12,82.62,78.44,79.94
1019,82.56,84.69,83.69,82.44,85.38,82.75,82.75
1020,86.75,89.38,89.19,86.81,88.56,87.19,87.38
1021,89.19,91.06,90.38,88.94,89.75,87.94,88.75
1022,91.44,92.94,92.31,91.19,92.5,90.88,91
1023,93.12,94.62,94.19,93.06,94.06,93.31,93.44
1024,93.81,94.94,94.56,93.75,94.56,93.5,94.06
1025,95,95.88,95.62,94.88,95.62,95,95.06
1026,96.75,97.25,97.06,96.62,97.12,96.94,96.81
1027,96.31,97,96.88,96.25,96.81,96.81,96.75
1028,96.38,96.88,96.88,96.31,96.69,96.38,96.75
1029,97.19,97.44,97.38,97.12,97.5,97.31,97.31
1030,97,97.44,97.44,97,97.31,97.62,97.38
1031,95.75,96.31,96.31,95.75,96.31,96.25,96.44
1032,96.19,96.69,96.69,96.19,96.5,96.12,96.56
1033,96.56,96.75,96.81,96.56,96.94,96.75,97
1034,95.06,95.31,95.44,95.12,95.75,95.56,95.88
1035,93.81,94.44,94.56,93.94,94.56,94.31,95
1036,95.12,95,95.19,95.19,95.44,94.44,95.62
1037,94.12,93.88,94,94.25,94.69,93.81,94.69
1038,92.56,92.31,92.62,92.75,93.31,92.12,93.38
1039,93.69,92.94,93.12,93.94,94.44,93.69,94.44
1040,91.38,89.5,89.81,91.56,91.31,91.75,92
1041,90.25,89.19,89.5,90.44,90.38,91,91.06
1042,88.31,87,87.19,88.56,88.94,91.25,90.12
1043,85.12,84.12,84.38,85.25,85.62,89.06,87.62
1044,77.38,76.44,76.62,77.56,77.5,83.31,80.75
1045,79.06,77.38,77.31,78.94,78.38,83.31,81.44
1046,72.75,66.62,67.38,72.25,70,74.94,73.94
1047,72.31,64.94,65.5,71.12,69.25,72.88,74.25
1048,68.38,61.44,64.31,68.25,64.81,66.94,69.06
1049,61.28,51.44,54.25,59.66,57.06,59.31,61
1050,55.44,51.88,53.53,55.44,53.75,55.78,56.16
1051,52.97,49.94,51.03,50.47,49.47,50.84,52.06
1052,53.34,49.34,52.31,51.31,51.88,51.81,53.75
1053,56.31,56.09,57.53,52.88,55.97,55.09,58.06
1054,54.62,58.69,59.75,55.62,55.31,57.19,57.88
1055,64.12,65.62,66.06,64.12,65.38,63.94,63.97
1056,84.81,86.06,86.44,84.69,85.31,85.75,85.12
1057,90.19,90.06,90.69,90.19,89.88,89.19,89.81
1058,93.25,94.38,94.5,93.19,93.12,92.5,92.94
1059,92.88,93.44,93.38,92.69,92.94,92.25,92.38
1060,91.12,92.06,92.12,90.94,91.25,90.38,90.56
1061,92.56,93,92.94,92.44,92.62,92,92
1062,93.38,93.94,93.88,93.31,93.25,92.88,92.81
1063,89.94,90.81,90.81,89.94,89.75,89.06,88.69
1064,88.69,89.94,90,88.69,88.12,87.75,86.25
1065,88.38,88.44,88.81,88.56,87.31,88.56,85.56
1066,81.19,81.75,81.31,82.12,77,82.81,78.06
1067,61.03,59.41,60,62.06,59.06,71.38,59.78
1068,53.38,51.5,52.16,52.72,50.22,60.03,51.78
1069,46.25,45.03,44.5,44.94,45.19,53.38,46.75
1070,43.25,39.75,40,41.97,43.28,51.28,43.91
1071,42.56,38.31,38.97,40.62,41.59,49.22,40.78
1072,38.59,34.56,34.97,37.94,38.56,42.41,39.03
1073,38.09,34.25,34.31,38.12,38.56,41.66,38.91
1074,36.38,29.56,29.53,36.38,36.81,39.66,37.81
1075,35.28,30.97,31.19,35.22,35,41.88,38.66
1076,34.91,30.44,30.19,35.22,34.84,43.94,39.41
1077,34.06,31.2,30.39,34.56,36.03,43.97,40.25
1078,35.09,32.47,31.89,35.25,35.97,44.62,36.34
1079,36.62,33.5,32.12,36.5,37.25,42.69,37.16
1080,34.84,33.34,32.91,35.06,35.47,40.66,36.03
1081,36.53,33.25,32.22,36.5,37.97,42.56,37.62
1082,36.5,33.06,32.34,36.41,37.34,42.03,36.94
1083,37.75,33.28,32.94,37.53,40.09,43.69,38.97
1084,43.69,40.34,39.28,43.62,45.81,50.06,44.78
1085,43.72,42.47,41.31,43.34,46.88,48.97,45.12
1086,54.25,53.88,53.47,54.12,56.88,58.5,55.91
1087,66.62,65.5,66.69,67,69.06,69,68.62
1088,78.81,79.06,79.31,78.88,80.44,78.25,79.94
1089,87,86.62,87.12,87.06,88.12,87.5,87.44
1090,88.81,88.25,88.88,88.81,90.19,87.69,88.88
1091,91.56,91.06,91.69,91.56,92.81,90.81,91.12
1092,89.44,89.19,89.81,89.56,91.06,88.44,88.31
1093,90.38,89.31,89.75,90.5,91.81,89.56,89.19
1094,87.94,87.31,87.88,88.19,89.38,87.62,85.94
1095,87.38,86.31,86.81,87.5,88.06,86.75,86.25
1096,82.5,83.19,83.5,82.75,82.62,84.19,82.88
1097,74.31,74.88,75.62,74.69,75.44,74.75,75.31
1098,78.69,77.94,78.81,78.94,79.88,79.38,79.56
1099,83.75,81.88,82.62,84,85,82.69,84.19
1100,83.12,81.75,82.56,83.31,84.25,82.81,84.12
1101,81.12,80.88,81.81,81.25,82.31,79.94,81.88
1102,80.56,79.75,81.38,80.75,82.38,79.25,81.56
1103,83.5,81.81,83.44,83.94,84.25,83.25,84.06
1104,81.38,80.5,81.5,81.56,82.5,80,82.12
1105,80.94,78.69,80.56,81.12,82.12,78.31,82.06
1106,78.31,76.62,79,78.62,79.5,76.12,79.38
1107,79.12,75.81,78.44,79.5,79.5,75.81,79.44
1108,78.25,75.06,77.38,78.69,80.31,72.75,78.06
1109,78.94,76.94,79.5,79.19,82.19,74.31,79.88
1110,77.5,76.31,79.19,77.88,81,73.81,78.25
1111,80.06,79.25,81.38,80.69,83.31,77.25,79.38
1112,80.88,79.38,81.5,81.44,84.56,77.31,80.88
1113,82.25,79.88,83.38,82.69,86.44,78.19,83.12
1114,81.69,78.69,81.19,82,85.38,77.75,81.75
1115,80.25,78.12,81.88,80.75,84,76.81,79.31
1116,81.19,79.62,82.31,81.75,85.31,76,81.5
1117,78.06,74.44,79.31,79.12,82.38,66.19,78.44
1118,76.25,69.31,76.56,77.44,81.62,62.31,76.81
1119,70.06,68.56,74.25,71.69,77.56,63.56,72.75
1120,67.19,65,71.56,68.25,76.06,62.03,70.56
1121,63.72,61.12,67.5,65.56,73.06,60.69,67.56
1122,58.84,56.88,66.12,61,70.06,54.41,66.69
1123,60.56,60.75,67.81,62.25,68.25,60.59,65.75
1124,58.72,58.06,65.88,60.56,65.81,62.22,64.12
1125,62.97,64.06,68.81,64.19,68.88,63.97,67
1126,62.06,61.69,65.25,63.06,66.94,63.31,64.75
1127,69.75,70.69,73.25,70.44,74.12,70.94,72.69
1128,77,78.31,80.12,77.56,80.75,77.94,79.12
1129,85.94,86.06,87.06,86.31,87.25,85.56,86.31
1130,88.38,89.06,90,88.69,90.06,87.25,88.19
1131,92.38,92.44,92.94,92.44,93.38,91.69,92.06
1132,91.38,91.25,91.94,91.5,92.44,90.5,90.69
1133,93.44,92.44,92.81,93.44,94.12,92.81,92.62
1134,91.94,91.31,91.62,92.06,92.94,91.44,91.12
1135,90.44,89.56,90,90.69,92,90.19,89.38
1136,88.25,87.44,88.06,88.38,89.56,88.75,87.81
1137,84.75,85.12,85.69,84.62,84.38,85.62,83.5
1138,82.19,81.5,81.62,82.12,82.75,82.62,81.44
1139,83.62,81.88,81.94,83.56,85.25,84.06,83.5
1140,86.75,84.62,85.19,86.69,87.69,87.56,85.75
1141,90.69,90.38,90.56,90.62,91.44,91.69,90.94
1142,92.44,91.38,91.75,92.25,93,92.62,91.69
1143,92.62,92.06,92.38,92.5,92.88,92.12,92.06
1144,94.44,93.94,94.31,94.38,94.75,93.81,94.12
1145,94.44,93.62,94.25,94.25,94.94,94.19,93.81
1146,92.62,93,93.62,92.69,93.25,92.25,92.38
1147,90.12,90.25,91,90.44,91.19,90.38,90
1148,87.56,88.38,89.5,88,89.44,85.56,87.25
1149,80.19,81.06,82.94,80.81,83.06,81,79.38
1150,74.88,77.06,79.31,75.5,78.06,77.06,75.56
1151,71.88,72.56,73.75,72.25,74.38,75.56,72.31
1152,71.88,73.75,74.81,72.06,74.31,76,71.25
1153,70.31,71.31,73.12,70.88,74.12,70.12,70
1154,78,79.19,81.75,78.31,82,75.75,77.06
1155,79.5,80.56,82.75,80.06,83.25,78.44,79.5
1156,81.06,81.56,82.94,81.38,84.06,81.69,80.94
1157,85.06,84.5,85.75,85.5,85.75,83.69,83.62
1158,87.75,87.06,87.44,87.75,88.75,87.69,85.69
1159,91.5,90.81,91.31,91.5,91.81,91.12,90.56
1160,94.25,93.19,93.38,94.12,94.5,93.81,93.44
1161,95.38,94.69,94.62,95.06,95.38,94.75,94.88
1162,93.19,92.44,92.38,92.94,93.12,92.25,92.88
1163,92.25,91.12,90.56,91.88,92.12,92,92.06
1164,89.19,88.88,88.62,88.94,89.5,89.38,89.5
1165,91.12,90.38,90.62,90.5,91.25,92.06,91.25
1166,89.81,89,89.44,89.38,90.06,89.69,89.56
1167,89.06,88.38,88.69,88.69,89.88,89.38,88.06
1168,86.19,85.25,85.81,84.81,86.38,85.19,85
1169,85.75,84.62,84.88,83.62,85.88,85.56,85.81
1170,87.88,86.75,87.44,86.62,88.5,88.31,87.56
1171,86.94,86.31,86.75,85.38,87.19,86.75,85.81
1172,83.25,83.19,83.38,80.88,83.06,82.62,82.69
1173,84.12,83.75,83.94,81.12,84.12,84.38,83.94
1174,86.5,85.38,85.75,83.81,86.5,86.38,85.75
1175,83.5,83.25,82.81,80.75,82.88,82.12,82.69
1176,79.69,79.38,78.25,75.38,78.62,79.06,79.31
1177,81.81,81.44,79.5,76.88,81.62,82.88,81.94
1178,82.19,82.19,82.25,79.62,81.19,81.31,81.38
1179,84.38,82.56,82.75,81.94,84.62,84.62,83.88
1180,82.31,80.06,80.38,80.62,83.19,81.5,81.44
1181,81.38,77.88,78.06,79.56,82.56,77.88,77.69
1182,80,76.06,75.94,79.44,82,77.38,76.56
1183,77.94,74.75,74.25,77.75,80.44,75.94,72.06
1184,77.38,74.69,75.69,77.81,79.94,76.69,68.88
1185,66.62,64,64.62,67.06,70.12,66.06,58.94
1186,63.69,63.28,64.94,64.06,64.31,61.44,55.59
1187,62.03,57.5,59.66,63.12,65.12,62.16,51.16
1188,68.5,62.75,64.12,69.19,70.38,63.97,55.19
1189,70,66.62,67.19,70.81,71.19,70.06,61.56
1190,79.69,76.88,77.38,79.88,81.31,78.62,71.44
1191,82.81,80.31,81.25,82.94,84.56,81.5,78.69
1192,86.75,83.56,84,86.81,87.81,84.75,83.44
1193,87.06,85.44,86.12,87,88.06,86.81,85.06
1194,88.12,87,87.19,87.69,89,86.38,86.69
1195,87.81,86.38,86.62,87.19,88.38,86.31,87.19
1196,88.44,87.44,87.31,87.12,88.75,88.69,87.94
1197,90,88.62,89.06,89,90.56,89.56,89.12
1198,90.44,89.81,90.12,89.75,91.25,89.94,89.5
1199,89.38,88.62,88.62,88.62,90.12,89,89.44
1200,88.5,88.31,88.31,86.62,89.06,88.88,88.44
1201,90.88,90.44,90.69,90.19,91.5,91.19,90.5
1202,91.19,91.06,90.94,90.75,91.94,91.62,91.38
1203,88.56,88.31,88,87.56,89.69,89.44,89.38
1204,88.81,89.38,89.25,87.31,89.31,90,89.44
1205,91.25,91.25,91.06,90.25,91.56,91.62,91.31
1206,89.75,89.81,89.56,88.75,90.75,90.19,90.06
1207,86.12,86.69,86.56,83,87.31,87.62,86.06
1208,85.44,85.81,85.44,82.69,85.88,87.62,85.25
1209,88,86.75,86.69,85.38,88.19,88,86.75
1210,91.31,89.94,89.12,89.12,91,90.5,90
1211,90.19,88.56,88.12,88.19,90.25,89.88,88.81
1212,84.56,84,83.56,82.75,84.69,84.88,82.94
1213,79.69,76.69,76.31,77.56,80.81,77.81,78.56
1214,64.75,65.44,62.06,63.62,63.12,63.91,62.06
1215,52.91,53.25,49.28,51.28,51.31,53.34,50.69